ticker,real_decision,simulated_decision,simulated_reasons,_merge,alignment_status
AACB,REJECTED,REJECTED,"LOW_DOLLAR_VOLUME, MARKET_CAP_WATCHLIST_RANGE",both,MATCH
AACG,REJECTED,REJECTED,"MARKET_CAP_BELOW_MINIMUM, LOW_DOLLAR_VOLUME, PRICE_WATCHLIST_RANGE",both,MATCH
AAL,PASSED,PASSED,,both,MATCH
AAME,REJECTED,REJECTED,"MARKET_CAP_BELOW_MINIMUM, LOW_DOLLAR_VOLUME, PRICE_WATCHLIST_RANGE",both,MATCH
AAOI,PASSED,PASSED,,both,MATCH
AAON,PASSED,PASSED,,both,MATCH
AAPG,REJECTED,REJECTED,LOW_DOLLAR_VOLUME,both,MATCH
AAPL,PASSED,PASSED,,both,MATCH
AARD,REJECTED,REJECTED,"MARKET_CAP_BELOW_MINIMUM, DOLLAR_VOLUME_WATCHLIST_RANGE, PRICE_WATCHLIST_RANGE",both,MATCH
ABAT,PASSED,PASSED,PRICE_WATCHLIST_RANGE,both,MATCH
ABCL,PASSED,PASSED,,both,MATCH
ABEO,PASSED,PASSED,,both,MATCH
ABLV,REJECTED,REJECTED,"MARKET_CAP_BELOW_MINIMUM, LOW_DOLLAR_VOLUME, PRICE_WATCHLIST_RANGE",both,MATCH
ABNB,PASSED,PASSED,,both,MATCH
ABOS,WATCHLIST,WATCHLIST,"MARKET_CAP_WATCHLIST_RANGE, DOLLAR_VOLUME_WATCHLIST_RANGE, PRICE_WATCHLIST_RANGE",both,MATCH
ABSI,PASSED,PASSED,,both,MATCH
ABTC,REJECTED,REJECTED,PRICE_BELOW_MINIMUM,both,MATCH
ABTS,REJECTED,REJECTED,"MARKET_CAP_BELOW_MINIMUM, PRICE_WATCHLIST_RANGE",both,MATCH
ABUS,PASSED,PASSED,PRICE_WATCHLIST_RANGE,both,MATCH
ABVC,REJECTED,REJECTED,"MARKET_CAP_BELOW_MINIMUM, LOW_DOLLAR_VOLUME, PRICE_WATCHLIST_RANGE",both,MATCH
ABVX,PASSED,PASSED,,both,MATCH
ACAD,PASSED,PASSED,,both,MATCH
ACB,WATCHLIST,WATCHLIST,"MARKET_CAP_WATCHLIST_RANGE, PRICE_WATCHLIST_RANGE",both,MATCH
ACCL,REJECTED,REJECTED,"MARKET_CAP_BELOW_MINIMUM, LOW_DOLLAR_VOLUME, PRICE_WATCHLIST_RANGE",both,MATCH
ACDC,PASSED,PASSED,,both,MATCH
ACET,REJECTED,REJECTED,"MARKET_CAP_BELOW_MINIMUM, DOLLAR_VOLUME_WATCHLIST_RANGE",both,MATCH
ACFN,REJECTED,REJECTED,"MARKET_CAP_BELOW_MINIMUM, LOW_DOLLAR_VOLUME",both,MATCH
ACGL,PASSED,PASSED,,both,MATCH
ACHC,PASSED,PASSED,,both,MATCH
ACHV,PASSED,PASSED,,both,MATCH
ACIC,PASSED,PASSED,,both,MATCH
ACIU,WATCHLIST,WATCHLIST,"MARKET_CAP_WATCHLIST_RANGE, DOLLAR_VOLUME_WATCHLIST_RANGE, PRICE_WATCHLIST_RANGE",both,MATCH
ACIW,PASSED,PASSED,,both,MATCH
ACLS,PASSED,PASSED,,both,MATCH
ACMR,PASSED,PASSED,,both,MATCH
ACNB,PASSED,PASSED,,both,MATCH
ACNT,WATCHLIST,WATCHLIST,"MARKET_CAP_WATCHLIST_RANGE, DOLLAR_VOLUME_WATCHLIST_RANGE",both,MATCH
ACOG,REJECTED,REJECTED,"LOW_DOLLAR_VOLUME, MARKET_CAP_WATCHLIST_RANGE",both,MATCH
ACON,REJECTED,REJECTED,"MARKET_CAP_BELOW_MINIMUM, LOW_DOLLAR_VOLUME, PRICE_WATCHLIST_RANGE",both,MATCH
ACRS,PASSED,PASSED,PRICE_WATCHLIST_RANGE,both,MATCH
ACRV,REJECTED,REJECTED,"MARKET_CAP_BELOW_MINIMUM, DOLLAR_VOLUME_WATCHLIST_RANGE, PRICE_WATCHLIST_RANGE",both,MATCH
ACT,PASSED,PASSED,,both,MATCH
ACTG,WATCHLIST,WATCHLIST,"DOLLAR_VOLUME_WATCHLIST_RANGE, PRICE_WATCHLIST_RANGE",both,MATCH
ACTU,REJECTED,REJECTED,"MARKET_CAP_BELOW_MINIMUM, LOW_DOLLAR_VOLUME, PRICE_WATCHLIST_RANGE",both,MATCH
ACXP,REJECTED,REJECTED,"MARKET_CAP_BELOW_MINIMUM, PRICE_WATCHLIST_RANGE",both,MATCH
ADAC,REJECTED,REJECTED,"LOW_DOLLAR_VOLUME, MARKET_CAP_WATCHLIST_RANGE",both,MATCH
ADAG,WATCHLIST,WATCHLIST,"MARKET_CAP_WATCHLIST_RANGE, DOLLAR_VOLUME_WATCHLIST_RANGE, PRICE_WATCHLIST_RANGE",both,MATCH
ADAM,PASSED,PASSED,,both,MATCH
ADBE,PASSED,PASSED,,both,MATCH
ADEA,PASSED,PASSED,,both,MATCH
ADGM,REJECTED,REJECTED,"MARKET_CAP_BELOW_MINIMUM, PRICE_BELOW_MINIMUM, LOW_DOLLAR_VOLUME",both,MATCH
ADI,PASSED,PASSED,,both,MATCH
ADIL,REJECTED,REJECTED,"MARKET_CAP_BELOW_MINIMUM, LOW_DOLLAR_VOLUME, PRICE_WATCHLIST_RANGE",both,MATCH
ADMA,PASSED,PASSED,,both,MATCH
ADP,PASSED,PASSED,,both,MATCH
ADPT,PASSED,PASSED,,both,MATCH
ADSE,REJECTED,REJECTED,LOW_DOLLAR_VOLUME,both,MATCH
ADSK,PASSED,PASSED,,both,MATCH
ADTN,PASSED,PASSED,,both,MATCH
ADTX,REJECTED,REJECTED,"MARKET_CAP_BELOW_MINIMUM, PRICE_BELOW_MINIMUM, LOW_DOLLAR_VOLUME",both,MATCH
ADUR,PASSED,PASSED,,both,MATCH
ADUS,PASSED,PASSED,,both,MATCH
ADV,PASSED,PASSED,,both,MATCH
ADVB,REJECTED,REJECTED,"MARKET_CAP_BELOW_MINIMUM, DOLLAR_VOLUME_WATCHLIST_RANGE, PRICE_WATCHLIST_RANGE",both,MATCH
ADXN,REJECTED,REJECTED,"MARKET_CAP_BELOW_MINIMUM, LOW_DOLLAR_VOLUME",both,MATCH
AEBI,PASSED,PASSED,,both,MATCH
AEC,REJECTED,REJECTED,"MARKET_CAP_BELOW_MINIMUM, LOW_DOLLAR_VOLUME, PRICE_WATCHLIST_RANGE",both,MATCH
AEHL,REJECTED,REJECTED,"MARKET_CAP_BELOW_MINIMUM, PRICE_WATCHLIST_RANGE",both,MATCH
AEHR,PASSED,PASSED,,both,MATCH
AEI,REJECTED,REJECTED,"MARKET_CAP_BELOW_MINIMUM, LOW_DOLLAR_VOLUME, PRICE_WATCHLIST_RANGE",both,MATCH
AEIS,PASSED,PASSED,,both,MATCH
AEMD,REJECTED,REJECTED,"MARKET_CAP_BELOW_MINIMUM, DOLLAR_VOLUME_WATCHLIST_RANGE, PRICE_WATCHLIST_RANGE",both,MATCH
AENT,REJECTED,REJECTED,"LOW_DOLLAR_VOLUME, MARKET_CAP_WATCHLIST_RANGE",both,MATCH
AEP,PASSED,PASSED,,both,MATCH
AERT,REJECTED,REJECTED,"MARKET_CAP_BELOW_MINIMUM, PRICE_BELOW_MINIMUM, LOW_DOLLAR_VOLUME",both,MATCH
AEVA,PASSED,PASSED,,both,MATCH
AEYE,REJECTED,REJECTED,"MARKET_CAP_BELOW_MINIMUM, DOLLAR_VOLUME_WATCHLIST_RANGE",both,MATCH
AFBI,REJECTED,REJECTED,"LOW_DOLLAR_VOLUME, MARKET_CAP_WATCHLIST_RANGE",both,MATCH
AFCG,REJECTED,REJECTED,"MARKET_CAP_BELOW_MINIMUM, DOLLAR_VOLUME_WATCHLIST_RANGE, PRICE_WATCHLIST_RANGE",both,MATCH
AFJK,WATCHLIST,WATCHLIST,"MARKET_CAP_WATCHLIST_RANGE, DOLLAR_VOLUME_WATCHLIST_RANGE",both,MATCH
AFRI,REJECTED,REJECTED,"LOW_DOLLAR_VOLUME, MARKET_CAP_WATCHLIST_RANGE",both,MATCH
AFRM,PASSED,PASSED,,both,MATCH
AFYA,WATCHLIST,WATCHLIST,DOLLAR_VOLUME_WATCHLIST_RANGE,both,MATCH
AGCC,PASSED,PASSED,,both,MATCH
AGEN,WATCHLIST,WATCHLIST,"MARKET_CAP_WATCHLIST_RANGE, PRICE_WATCHLIST_RANGE",both,MATCH
AGIO,PASSED,PASSED,,both,MATCH
AGMB,WATCHLIST,WATCHLIST,DOLLAR_VOLUME_WATCHLIST_RANGE,both,MATCH
AGMH,REJECTED,REJECTED,"MARKET_CAP_BELOW_MINIMUM, LOW_DOLLAR_VOLUME, PRICE_WATCHLIST_RANGE",both,MATCH
AGNC,PASSED,PASSED,,both,MATCH
AGNT,PASSED,PASSED,PRICE_WATCHLIST_RANGE,both,MATCH
AGPU,REJECTED,REJECTED,MARKET_CAP_BELOW_MINIMUM,both,MATCH
AGRZ,REJECTED,REJECTED,"MARKET_CAP_BELOW_MINIMUM, PRICE_BELOW_MINIMUM, DOLLAR_VOLUME_WATCHLIST_RANGE",both,MATCH
AGYS,PASSED,PASSED,,both,MATCH
AHCO,PASSED,PASSED,,both,MATCH
AHG,REJECTED,REJECTED,"LOW_DOLLAR_VOLUME, PRICE_WATCHLIST_RANGE",both,MATCH
AHMA,REJECTED,REJECTED,"MARKET_CAP_BELOW_MINIMUM, PRICE_WATCHLIST_RANGE",both,MATCH
AIAI,PASSED,PASSED,,both,MATCH
AIDX,REJECTED,REJECTED,"MARKET_CAP_BELOW_MINIMUM, PRICE_BELOW_MINIMUM, LOW_DOLLAR_VOLUME",both,MATCH
AIFA,REJECTED,REJECTED,"MARKET_CAP_BELOW_MINIMUM, PRICE_BELOW_MINIMUM",both,MATCH
AIFC,REJECTED,REJECTED,"MARKET_CAP_BELOW_MINIMUM, PRICE_BELOW_MINIMUM, DOLLAR_VOLUME_WATCHLIST_RANGE",both,MATCH
AIFF,REJECTED,REJECTED,"MARKET_CAP_BELOW_MINIMUM, PRICE_WATCHLIST_RANGE",both,MATCH
AIFU,REJECTED,REJECTED,"LOW_DOLLAR_VOLUME, MARKET_CAP_WATCHLIST_RANGE, PRICE_WATCHLIST_RANGE",both,MATCH
AIHS,REJECTED,REJECTED,"MARKET_CAP_BELOW_MINIMUM, LOW_DOLLAR_VOLUME, PRICE_WATCHLIST_RANGE",both,MATCH
AIIO,REJECTED,REJECTED,"MARKET_CAP_BELOW_MINIMUM, PRICE_WATCHLIST_RANGE",both,MATCH
AIIR,WATCHLIST,WATCHLIST,DOLLAR_VOLUME_WATCHLIST_RANGE,both,MATCH
AIMD,REJECTED,REJECTED,"MARKET_CAP_BELOW_MINIMUM, DOLLAR_VOLUME_WATCHLIST_RANGE, PRICE_WATCHLIST_RANGE",both,MATCH
AIOS,REJECTED,REJECTED,MARKET_CAP_BELOW_MINIMUM,both,MATCH
AIOT,PASSED,PASSED,PRICE_WATCHLIST_RANGE,both,MATCH
AIP,PASSED,PASSED,,both,MATCH
AIRE,REJECTED,REJECTED,"MARKET_CAP_BELOW_MINIMUM, LOW_DOLLAR_VOLUME, PRICE_WATCHLIST_RANGE",both,MATCH
AIRG,REJECTED,REJECTED,"MARKET_CAP_BELOW_MINIMUM, DOLLAR_VOLUME_WATCHLIST_RANGE",both,MATCH
AIRJ,PASSED,PASSED,PRICE_WATCHLIST_RANGE,both,MATCH
AIRO,WATCHLIST,WATCHLIST,MARKET_CAP_WATCHLIST_RANGE,both,MATCH
AIRS,PASSED,PASSED,,both,MATCH
AIRT,REJECTED,REJECTED,"MARKET_CAP_BELOW_MINIMUM, LOW_DOLLAR_VOLUME",both,MATCH
AISP,REJECTED,REJECTED,"MARKET_CAP_BELOW_MINIMUM, DOLLAR_VOLUME_WATCHLIST_RANGE, PRICE_WATCHLIST_RANGE",both,MATCH
AIXC,REJECTED,REJECTED,"MARKET_CAP_BELOW_MINIMUM, LOW_DOLLAR_VOLUME, PRICE_WATCHLIST_RANGE",both,MATCH
AIXI,REJECTED,REJECTED,MARKET_CAP_BELOW_MINIMUM,both,MATCH
AKAM,PASSED,PASSED,,both,MATCH
AKAN,REJECTED,REJECTED,MARKET_CAP_BELOW_MINIMUM,both,MATCH
AKBA,REJECTED,REJECTED,"PRICE_BELOW_MINIMUM, MARKET_CAP_WATCHLIST_RANGE",both,MATCH
AKTS,PASSED,PASSED,,both,MATCH
AKTX,REJECTED,REJECTED,MARKET_CAP_BELOW_MINIMUM,both,MATCH
ALAB,PASSED,PASSED,,both,MATCH
ALAR,REJECTED,REJECTED,"MARKET_CAP_BELOW_MINIMUM, LOW_DOLLAR_VOLUME",both,MATCH
ALBT,REJECTED,REJECTED,"MARKET_CAP_BELOW_MINIMUM, PRICE_BELOW_MINIMUM, LOW_DOLLAR_VOLUME",both,MATCH
ALCO,WATCHLIST,WATCHLIST,DOLLAR_VOLUME_WATCHLIST_RANGE,both,MATCH
ALDF,REJECTED,REJECTED,LOW_DOLLAR_VOLUME,both,MATCH
ALDX,REJECTED,REJECTED,"MARKET_CAP_BELOW_MINIMUM, PRICE_WATCHLIST_RANGE",both,MATCH
ALEC,WATCHLIST,WATCHLIST,"MARKET_CAP_WATCHLIST_RANGE, DOLLAR_VOLUME_WATCHLIST_RANGE, PRICE_WATCHLIST_RANGE",both,MATCH
ALGM,PASSED,PASSED,,both,MATCH
ALGN,PASSED,PASSED,,both,MATCH
ALGS,REJECTED,REJECTED,"MARKET_CAP_BELOW_MINIMUM, DOLLAR_VOLUME_WATCHLIST_RANGE, PRICE_WATCHLIST_RANGE",both,MATCH
ALGT,PASSED,PASSED,,both,MATCH
ALHC,PASSED,PASSED,,both,MATCH
ALKS,PASSED,PASSED,,both,MATCH
ALKT,PASSED,PASSED,,both,MATCH
ALLO,WATCHLIST,PASSED,PRICE_WATCHLIST_RANGE,both,MISMATCH
ALLR,REJECTED,REJECTED,"MARKET_CAP_BELOW_MINIMUM, LOW_DOLLAR_VOLUME, PRICE_WATCHLIST_RANGE",both,MATCH
ALLT,PASSED,PASSED,,both,MATCH
ALM,PASSED,PASSED,,both,MATCH
ALMR,PASSED,PASSED,,both,MATCH
ALMS,PASSED,PASSED,,both,MATCH
ALMU,PASSED,PASSED,,both,MATCH
ALNT,PASSED,PASSED,,both,MATCH
ALNY,PASSED,PASSED,,both,MATCH
ALOT,WATCHLIST,WATCHLIST,"MARKET_CAP_WATCHLIST_RANGE, DOLLAR_VOLUME_WATCHLIST_RANGE",both,MATCH
ALOV,REJECTED,REJECTED,LOW_DOLLAR_VOLUME,both,MATCH
ALOY,PASSED,PASSED,,both,MATCH
ALP,REJECTED,REJECTED,"MARKET_CAP_BELOW_MINIMUM, PRICE_BELOW_MINIMUM",both,MATCH
ALPS,REJECTED,REJECTED,"PRICE_BELOW_MINIMUM, LOW_DOLLAR_VOLUME, MARKET_CAP_WATCHLIST_RANGE",both,MATCH
ALRM,PASSED,PASSED,,both,MATCH
ALRS,PASSED,PASSED,,both,MATCH
ALT,WATCHLIST,PASSED,PRICE_WATCHLIST_RANGE,both,MISMATCH
ALTI,WATCHLIST,WATCHLIST,"DOLLAR_VOLUME_WATCHLIST_RANGE, PRICE_WATCHLIST_RANGE",both,MATCH
ALTO,PASSED,PASSED,,both,MATCH
ALVO,WATCHLIST,WATCHLIST,"DOLLAR_VOLUME_WATCHLIST_RANGE, PRICE_WATCHLIST_RANGE",both,MATCH
ALXO,WATCHLIST,WATCHLIST,"MARKET_CAP_WATCHLIST_RANGE, DOLLAR_VOLUME_WATCHLIST_RANGE, PRICE_WATCHLIST_RANGE",both,MATCH
ALZN,REJECTED,REJECTED,"MARKET_CAP_BELOW_MINIMUM, LOW_DOLLAR_VOLUME, PRICE_WATCHLIST_RANGE",both,MATCH
AMAL,PASSED,PASSED,,both,MATCH
AMAT,PASSED,PASSED,,both,MATCH
AMBA,PASSED,PASSED,,both,MATCH
AMBR,REJECTED,REJECTED,"LOW_DOLLAR_VOLUME, MARKET_CAP_WATCHLIST_RANGE, PRICE_WATCHLIST_RANGE",both,MATCH
AMCI,REJECTED,REJECTED,"LOW_DOLLAR_VOLUME, MARKET_CAP_WATCHLIST_RANGE, PRICE_WATCHLIST_RANGE",both,MATCH
AMCX,PASSED,PASSED,,both,MATCH
AMD,PASSED,PASSED,,both,MATCH
AMGN,PASSED,PASSED,,both,MATCH
AMIX,REJECTED,REJECTED,"MARKET_CAP_BELOW_MINIMUM, PRICE_BELOW_MINIMUM, LOW_DOLLAR_VOLUME",both,MATCH
AMKR,PASSED,PASSED,,both,MATCH
AMLX,PASSED,PASSED,,both,MATCH
AMOD,REJECTED,REJECTED,"MARKET_CAP_BELOW_MINIMUM, PRICE_BELOW_MINIMUM, LOW_DOLLAR_VOLUME",both,MATCH
AMPG,WATCHLIST,WATCHLIST,MARKET_CAP_WATCHLIST_RANGE,both,MATCH
AMPH,PASSED,PASSED,,both,MATCH
AMPL,PASSED,PASSED,,both,MATCH
AMRN,WATCHLIST,WATCHLIST,"MARKET_CAP_WATCHLIST_RANGE, DOLLAR_VOLUME_WATCHLIST_RANGE",both,MATCH
AMRX,PASSED,PASSED,,both,MATCH
AMSC,PASSED,PASSED,,both,MATCH
AMSF,PASSED,PASSED,,both,MATCH
AMSS,REJECTED,REJECTED,"MARKET_CAP_BELOW_MINIMUM, PRICE_WATCHLIST_RANGE",both,MATCH
AMST,REJECTED,REJECTED,"MARKET_CAP_BELOW_MINIMUM, PRICE_WATCHLIST_RANGE",both,MATCH
AMTX,WATCHLIST,WATCHLIST,"MARKET_CAP_WATCHLIST_RANGE, PRICE_WATCHLIST_RANGE",both,MATCH
AMZN,PASSED,PASSED,,both,MATCH
ANAB,PASSED,PASSED,,both,MATCH
ANDE,PASSED,PASSED,,both,MATCH
ANGH,REJECTED,REJECTED,"MARKET_CAP_BELOW_MINIMUM, LOW_DOLLAR_VOLUME, PRICE_WATCHLIST_RANGE",both,MATCH
ANGI,WATCHLIST,WATCHLIST,MARKET_CAP_WATCHLIST_RANGE,both,MATCH
ANGO,PASSED,PASSED,,both,MATCH
ANIK,WATCHLIST,WATCHLIST,"MARKET_CAP_WATCHLIST_RANGE, DOLLAR_VOLUME_WATCHLIST_RANGE",both,MATCH
ANIP,PASSED,PASSED,,both,MATCH
ANIX,REJECTED,REJECTED,"MARKET_CAP_BELOW_MINIMUM, LOW_DOLLAR_VOLUME, PRICE_WATCHLIST_RANGE",both,MATCH
ANL,PASSED,PASSED,,both,MATCH
ANNA,WATCHLIST,WATCHLIST,"MARKET_CAP_WATCHLIST_RANGE, PRICE_WATCHLIST_RANGE",both,MATCH
ANNX,PASSED,PASSED,,both,MATCH
ANPA,REJECTED,REJECTED,"MARKET_CAP_BELOW_MINIMUM, LOW_DOLLAR_VOLUME",both,MATCH
ANTA,REJECTED,REJECTED,"LOW_DOLLAR_VOLUME, MARKET_CAP_WATCHLIST_RANGE",both,MATCH
ANTX,WATCHLIST,WATCHLIST,"MARKET_CAP_WATCHLIST_RANGE, PRICE_WATCHLIST_RANGE",both,MATCH
ANY,REJECTED,REJECTED,"MARKET_CAP_BELOW_MINIMUM, PRICE_WATCHLIST_RANGE",both,MATCH
AOSL,PASSED,PASSED,,both,MATCH
AOUT,REJECTED,REJECTED,"LOW_DOLLAR_VOLUME, MARKET_CAP_WATCHLIST_RANGE",both,MATCH
APA,PASSED,PASSED,,both,MATCH
APAC,REJECTED,REJECTED,"MARKET_CAP_BELOW_MINIMUM, LOW_DOLLAR_VOLUME",both,MATCH
APC,PASSED,PASSED,,both,MATCH
APEI,PASSED,PASSED,,both,MATCH
APGE,PASSED,PASSED,,both,MATCH
API,PASSED,PASSED,PRICE_WATCHLIST_RANGE,both,MATCH
APLD,PASSED,PASSED,,both,MATCH
APLM,REJECTED,REJECTED,"MARKET_CAP_BELOW_MINIMUM, LOW_DOLLAR_VOLUME",both,MATCH
APM,REJECTED,REJECTED,"MARKET_CAP_BELOW_MINIMUM, LOW_DOLLAR_VOLUME, PRICE_WATCHLIST_RANGE",both,MATCH
APOG,PASSED,PASSED,,both,MATCH
APP,PASSED,PASSED,,both,MATCH
APPF,PASSED,PASSED,,both,MATCH
APPN,PASSED,PASSED,,both,MATCH
APPS,PASSED,PASSED,,both,MATCH
APRE,REJECTED,REJECTED,"MARKET_CAP_BELOW_MINIMUM, PRICE_BELOW_MINIMUM, LOW_DOLLAR_VOLUME",both,MATCH
APVO,REJECTED,REJECTED,"MARKET_CAP_BELOW_MINIMUM, LOW_DOLLAR_VOLUME, PRICE_WATCHLIST_RANGE",both,MATCH
APWC,REJECTED,REJECTED,"MARKET_CAP_BELOW_MINIMUM, LOW_DOLLAR_VOLUME, PRICE_WATCHLIST_RANGE",both,MATCH
APXT,WATCHLIST,WATCHLIST,DOLLAR_VOLUME_WATCHLIST_RANGE,both,MATCH
APYX,WATCHLIST,WATCHLIST,"MARKET_CAP_WATCHLIST_RANGE, DOLLAR_VOLUME_WATCHLIST_RANGE, PRICE_WATCHLIST_RANGE",both,MATCH
AQB,REJECTED,REJECTED,"MARKET_CAP_BELOW_MINIMUM, PRICE_BELOW_MINIMUM, LOW_DOLLAR_VOLUME",both,MATCH
AQMS,REJECTED,REJECTED,"MARKET_CAP_BELOW_MINIMUM, LOW_DOLLAR_VOLUME, PRICE_WATCHLIST_RANGE",both,MATCH
AQST,PASSED,PASSED,PRICE_WATCHLIST_RANGE,both,MATCH
ARAI,REJECTED,REJECTED,"MARKET_CAP_BELOW_MINIMUM, PRICE_BELOW_MINIMUM",both,MATCH
ARAY,REJECTED,REJECTED,"MARKET_CAP_BELOW_MINIMUM, PRICE_BELOW_MINIMUM, DOLLAR_VOLUME_WATCHLIST_RANGE",both,MATCH
ARBB,REJECTED,REJECTED,"MARKET_CAP_BELOW_MINIMUM, LOW_DOLLAR_VOLUME",both,MATCH
ARBE,REJECTED,REJECTED,"PRICE_BELOW_MINIMUM, MARKET_CAP_WATCHLIST_RANGE",both,MATCH
ARBK,REJECTED,REJECTED,"MARKET_CAP_BELOW_MINIMUM, LOW_DOLLAR_VOLUME, PRICE_WATCHLIST_RANGE",both,MATCH
ARCB,PASSED,PASSED,,both,MATCH
ARCL,WATCHLIST,WATCHLIST,"MARKET_CAP_WATCHLIST_RANGE, DOLLAR_VOLUME_WATCHLIST_RANGE",both,MATCH
ARCT,WATCHLIST,WATCHLIST,MARKET_CAP_WATCHLIST_RANGE,both,MATCH
ARDX,PASSED,PASSED,,both,MATCH
AREC,WATCHLIST,WATCHLIST,"MARKET_CAP_WATCHLIST_RANGE, PRICE_WATCHLIST_RANGE",both,MATCH
ARGX,PASSED,PASSED,,both,MATCH
ARHS,PASSED,PASSED,,both,MATCH
ARKO,PASSED,PASSED,,both,MATCH
ARKR,REJECTED,REJECTED,"MARKET_CAP_BELOW_MINIMUM, LOW_DOLLAR_VOLUME",both,MATCH
ARM,PASSED,PASSED,,both,MATCH
AROW,PASSED,PASSED,,both,MATCH
ARQ,WATCHLIST,WATCHLIST,"MARKET_CAP_WATCHLIST_RANGE, PRICE_WATCHLIST_RANGE",both,MATCH
ARQQ,WATCHLIST,WATCHLIST,MARKET_CAP_WATCHLIST_RANGE,both,MATCH
ARQT,PASSED,PASSED,,both,MATCH
ARRY,PASSED,PASSED,,both,MATCH
ARTL,REJECTED,REJECTED,"MARKET_CAP_BELOW_MINIMUM, PRICE_WATCHLIST_RANGE",both,MATCH
ARTNA,PASSED,PASSED,,both,MATCH
ARTV,PASSED,PASSED,,both,MATCH
ARTW,REJECTED,REJECTED,"MARKET_CAP_BELOW_MINIMUM, LOW_DOLLAR_VOLUME, PRICE_WATCHLIST_RANGE",both,MATCH
ARVN,PASSED,PASSED,,both,MATCH
ARWR,PASSED,PASSED,,both,MATCH
ARXS,PASSED,PASSED,,both,MATCH
ASBP,REJECTED,REJECTED,MARKET_CAP_BELOW_MINIMUM,both,MATCH
ASLE,PASSED,PASSED,,both,MATCH
ASMB,PASSED,PASSED,,both,MATCH
ASML,PASSED,PASSED,,both,MATCH
ASND,PASSED,PASSED,,both,MATCH
ASO,PASSED,PASSED,,both,MATCH
ASPI,PASSED,PASSED,,both,MATCH
ASPS,REJECTED,REJECTED,"MARKET_CAP_BELOW_MINIMUM, LOW_DOLLAR_VOLUME",both,MATCH
ASRT,WATCHLIST,WATCHLIST,MARKET_CAP_WATCHLIST_RANGE,both,MATCH
ASRV,REJECTED,REJECTED,"MARKET_CAP_BELOW_MINIMUM, LOW_DOLLAR_VOLUME, PRICE_WATCHLIST_RANGE",both,MATCH
ASST,PASSED,PASSED,,both,MATCH
ASTC,REJECTED,REJECTED,MARKET_CAP_BELOW_MINIMUM,both,MATCH
ASTE,PASSED,PASSED,,both,MATCH
ASTH,PASSED,PASSED,,both,MATCH
ASTI,REJECTED,REJECTED,MARKET_CAP_BELOW_MINIMUM,both,MATCH
ASTL,PASSED,PASSED,PRICE_WATCHLIST_RANGE,both,MATCH
ASUR,WATCHLIST,WATCHLIST,"MARKET_CAP_WATCHLIST_RANGE, DOLLAR_VOLUME_WATCHLIST_RANGE",both,MATCH
ASYS,PASSED,PASSED,,both,MATCH
ATAI,PASSED,PASSED,PRICE_WATCHLIST_RANGE,both,MATCH
ATAT,PASSED,PASSED,,both,MATCH
ATCX,REJECTED,REJECTED,"MARKET_CAP_BELOW_MINIMUM, LOW_DOLLAR_VOLUME, PRICE_WATCHLIST_RANGE",both,MATCH
ATEC,PASSED,PASSED,,both,MATCH
ATER,REJECTED,REJECTED,"MARKET_CAP_BELOW_MINIMUM, PRICE_WATCHLIST_RANGE",both,MATCH
ATEX,PASSED,PASSED,,both,MATCH
ATGL,REJECTED,REJECTED,"LOW_DOLLAR_VOLUME, MARKET_CAP_WATCHLIST_RANGE",both,MATCH
ATHE,REJECTED,REJECTED,"MARKET_CAP_BELOW_MINIMUM, LOW_DOLLAR_VOLUME, PRICE_WATCHLIST_RANGE",both,MATCH
ATHR,REJECTED,REJECTED,"MARKET_CAP_BELOW_MINIMUM, LOW_DOLLAR_VOLUME, PRICE_WATCHLIST_RANGE",both,MATCH
ATLC,PASSED,PASSED,,both,MATCH
ATLN,REJECTED,REJECTED,"MARKET_CAP_BELOW_MINIMUM, PRICE_BELOW_MINIMUM, LOW_DOLLAR_VOLUME",both,MATCH
ATLO,WATCHLIST,WATCHLIST,"MARKET_CAP_WATCHLIST_RANGE, DOLLAR_VOLUME_WATCHLIST_RANGE",both,MATCH
ATLX,WATCHLIST,WATCHLIST,"MARKET_CAP_WATCHLIST_RANGE, PRICE_WATCHLIST_RANGE",both,MATCH
ATNI,PASSED,PASSED,,both,MATCH
ATOM,PASSED,PASSED,,both,MATCH
ATOS,REJECTED,REJECTED,"MARKET_CAP_BELOW_MINIMUM, LOW_DOLLAR_VOLUME, PRICE_WATCHLIST_RANGE",both,MATCH
ATPC,REJECTED,REJECTED,"MARKET_CAP_BELOW_MINIMUM, PRICE_WATCHLIST_RANGE",both,MATCH
ATRA,REJECTED,REJECTED,MARKET_CAP_BELOW_MINIMUM,both,MATCH
ATRC,PASSED,PASSED,,both,MATCH
ATRO,PASSED,PASSED,,both,MATCH
ATXG,REJECTED,REJECTED,"MARKET_CAP_BELOW_MINIMUM, DOLLAR_VOLUME_WATCHLIST_RANGE",both,MATCH
ATYR,REJECTED,REJECTED,"MARKET_CAP_BELOW_MINIMUM, PRICE_BELOW_MINIMUM, DOLLAR_VOLUME_WATCHLIST_RANGE",both,MATCH
AUBN,REJECTED,REJECTED,"MARKET_CAP_BELOW_MINIMUM, LOW_DOLLAR_VOLUME",both,MATCH
AUC,REJECTED,REJECTED,"MARKET_CAP_BELOW_MINIMUM, LOW_DOLLAR_VOLUME",both,MATCH
AUDC,WATCHLIST,WATCHLIST,"MARKET_CAP_WATCHLIST_RANGE, DOLLAR_VOLUME_WATCHLIST_RANGE",both,MATCH
AUGO,PASSED,PASSED,,both,MATCH
AUID,REJECTED,REJECTED,"MARKET_CAP_BELOW_MINIMUM, LOW_DOLLAR_VOLUME, PRICE_WATCHLIST_RANGE",both,MATCH
AUPH,PASSED,PASSED,,both,MATCH
AUR,PASSED,PASSED,,both,MATCH
AURA,PASSED,PASSED,,both,MATCH
AURE,REJECTED,REJECTED,"MARKET_CAP_BELOW_MINIMUM, LOW_DOLLAR_VOLUME, PRICE_WATCHLIST_RANGE",both,MATCH
AUTL,WATCHLIST,PASSED,PRICE_WATCHLIST_RANGE,both,MISMATCH
AUUD,REJECTED,REJECTED,"MARKET_CAP_BELOW_MINIMUM, PRICE_WATCHLIST_RANGE",both,MATCH
AVAH,PASSED,PASSED,,both,MATCH
AVAV,PASSED,PASSED,,both,MATCH
AVBH,PASSED,PASSED,,both,MATCH
AVBP,PASSED,PASSED,,both,MATCH
AVGO,PASSED,PASSED,,both,MATCH
AVIR,WATCHLIST,WATCHLIST,"DOLLAR_VOLUME_WATCHLIST_RANGE, PRICE_WATCHLIST_RANGE",both,MATCH
AVLN,PASSED,PASSED,,both,MATCH
AVNW,WATCHLIST,WATCHLIST,MARKET_CAP_WATCHLIST_RANGE,both,MATCH
AVO,PASSED,PASSED,,both,MATCH
AVPT,PASSED,PASSED,,both,MATCH
AVR,PASSED,PASSED,,both,MATCH
AVT,PASSED,PASSED,,both,MATCH
AVTX,PASSED,PASSED,,both,MATCH
AVX,REJECTED,REJECTED,"MARKET_CAP_BELOW_MINIMUM, PRICE_BELOW_MINIMUM, LOW_DOLLAR_VOLUME",both,MATCH
AVXL,WATCHLIST,WATCHLIST,"MARKET_CAP_WATCHLIST_RANGE, PRICE_WATCHLIST_RANGE",both,MATCH
AWRE,REJECTED,REJECTED,"MARKET_CAP_BELOW_MINIMUM, LOW_DOLLAR_VOLUME, PRICE_WATCHLIST_RANGE",both,MATCH
AXG,WATCHLIST,WATCHLIST,"DOLLAR_VOLUME_WATCHLIST_RANGE, PRICE_WATCHLIST_RANGE",both,MATCH
AXGN,PASSED,PASSED,,both,MATCH
AXON,PASSED,PASSED,,both,MATCH
AXSM,PASSED,PASSED,,both,MATCH
AXTI,PASSED,PASSED,,both,MATCH
AYA,PASSED,PASSED,,both,MATCH
AYTU,REJECTED,REJECTED,"MARKET_CAP_BELOW_MINIMUM, LOW_DOLLAR_VOLUME, PRICE_WATCHLIST_RANGE",both,MATCH
AZ,WATCHLIST,WATCHLIST,MARKET_CAP_WATCHLIST_RANGE,both,MATCH
AZI,REJECTED,REJECTED,"MARKET_CAP_BELOW_MINIMUM, DOLLAR_VOLUME_WATCHLIST_RANGE, PRICE_WATCHLIST_RANGE",both,MATCH
AZTA,PASSED,PASSED,,both,MATCH
BAFN,REJECTED,REJECTED,"MARKET_CAP_BELOW_MINIMUM, LOW_DOLLAR_VOLUME",both,MATCH
BAND,PASSED,PASSED,,both,MATCH
BANF,PASSED,PASSED,,both,MATCH
BANL,REJECTED,REJECTED,"MARKET_CAP_BELOW_MINIMUM, PRICE_BELOW_MINIMUM, LOW_DOLLAR_VOLUME",both,MATCH
BANR,PASSED,PASSED,,both,MATCH
BAOS,REJECTED,REJECTED,"MARKET_CAP_BELOW_MINIMUM, LOW_DOLLAR_VOLUME, PRICE_WATCHLIST_RANGE",both,MATCH
BATRA,PASSED,PASSED,,both,MATCH
BATRK,PASSED,PASSED,,both,MATCH
BBCP,WATCHLIST,WATCHLIST,DOLLAR_VOLUME_WATCHLIST_RANGE,both,MATCH
BBGI,REJECTED,REJECTED,MARKET_CAP_BELOW_MINIMUM,both,MATCH
BBIO,PASSED,PASSED,,both,MATCH
BBLG,REJECTED,REJECTED,"MARKET_CAP_BELOW_MINIMUM, LOW_DOLLAR_VOLUME, PRICE_WATCHLIST_RANGE",both,MATCH
BBNX,PASSED,PASSED,,both,MATCH
BBOT,PASSED,PASSED,,both,MATCH
BBSI,PASSED,PASSED,,both,MATCH
BCAB,REJECTED,REJECTED,"MARKET_CAP_BELOW_MINIMUM, LOW_DOLLAR_VOLUME, PRICE_WATCHLIST_RANGE",both,MATCH
BCAL,PASSED,PASSED,,both,MATCH
BCAR,PASSED,PASSED,,both,MATCH
BCAX,PASSED,PASSED,,both,MATCH
BCBP,WATCHLIST,WATCHLIST,"MARKET_CAP_WATCHLIST_RANGE, DOLLAR_VOLUME_WATCHLIST_RANGE",both,MATCH
BCDA,REJECTED,REJECTED,"MARKET_CAP_BELOW_MINIMUM, LOW_DOLLAR_VOLUME, PRICE_WATCHLIST_RANGE",both,MATCH
BCG,REJECTED,REJECTED,"MARKET_CAP_BELOW_MINIMUM, DOLLAR_VOLUME_WATCHLIST_RANGE, PRICE_WATCHLIST_RANGE",both,MATCH
BCML,WATCHLIST,WATCHLIST,DOLLAR_VOLUME_WATCHLIST_RANGE,both,MATCH
BCPC,PASSED,PASSED,,both,MATCH
BCRX,PASSED,PASSED,,both,MATCH
BCTX,REJECTED,REJECTED,"MARKET_CAP_BELOW_MINIMUM, DOLLAR_VOLUME_WATCHLIST_RANGE, PRICE_WATCHLIST_RANGE",both,MATCH
BCYC,WATCHLIST,WATCHLIST,"MARKET_CAP_WATCHLIST_RANGE, DOLLAR_VOLUME_WATCHLIST_RANGE, PRICE_WATCHLIST_RANGE",both,MATCH
BDCI,REJECTED,REJECTED,LOW_DOLLAR_VOLUME,both,MATCH
BDMD,REJECTED,REJECTED,"MARKET_CAP_BELOW_MINIMUM, DOLLAR_VOLUME_WATCHLIST_RANGE, PRICE_WATCHLIST_RANGE",both,MATCH
BDRX,REJECTED,REJECTED,"MARKET_CAP_BELOW_MINIMUM, PRICE_WATCHLIST_RANGE",both,MATCH
BDSX,WATCHLIST,WATCHLIST,"MARKET_CAP_WATCHLIST_RANGE, DOLLAR_VOLUME_WATCHLIST_RANGE",both,MATCH
BDTX,WATCHLIST,WATCHLIST,"MARKET_CAP_WATCHLIST_RANGE, PRICE_WATCHLIST_RANGE",both,MATCH
BEAM,PASSED,PASSED,,both,MATCH
BEAT,REJECTED,REJECTED,"MARKET_CAP_BELOW_MINIMUM, PRICE_BELOW_MINIMUM, DOLLAR_VOLUME_WATCHLIST_RANGE",both,MATCH
BEEM,REJECTED,REJECTED,"MARKET_CAP_BELOW_MINIMUM, DOLLAR_VOLUME_WATCHLIST_RANGE, PRICE_WATCHLIST_RANGE",both,MATCH
BEEP,REJECTED,REJECTED,"MARKET_CAP_BELOW_MINIMUM, LOW_DOLLAR_VOLUME, PRICE_WATCHLIST_RANGE",both,MATCH
BELFA,PASSED,PASSED,,both,MATCH
BELFB,PASSED,PASSED,,both,MATCH
BENF,REJECTED,REJECTED,"MARKET_CAP_BELOW_MINIMUM, DOLLAR_VOLUME_WATCHLIST_RANGE, PRICE_WATCHLIST_RANGE",both,MATCH
BETR,PASSED,PASSED,,both,MATCH
BFC,PASSED,PASSED,,both,MATCH
BFRG,REJECTED,REJECTED,"MARKET_CAP_BELOW_MINIMUM, PRICE_BELOW_MINIMUM",both,MATCH
BFRI,REJECTED,REJECTED,"MARKET_CAP_BELOW_MINIMUM, PRICE_BELOW_MINIMUM, LOW_DOLLAR_VOLUME",both,MATCH
BFST,PASSED,PASSED,,both,MATCH
BGC,PASSED,PASSED,,both,MATCH
BGDE,REJECTED,REJECTED,MARKET_CAP_BELOW_MINIMUM,both,MATCH
BGIN,REJECTED,REJECTED,"LOW_DOLLAR_VOLUME, PRICE_WATCHLIST_RANGE",both,MATCH
BGL,REJECTED,REJECTED,"MARKET_CAP_BELOW_MINIMUM, PRICE_BELOW_MINIMUM, LOW_DOLLAR_VOLUME",both,MATCH
BGLC,REJECTED,REJECTED,"MARKET_CAP_BELOW_MINIMUM, LOW_DOLLAR_VOLUME, PRICE_WATCHLIST_RANGE",both,MATCH
BGM,REJECTED,REJECTED,"MARKET_CAP_BELOW_MINIMUM, PRICE_BELOW_MINIMUM, LOW_DOLLAR_VOLUME",both,MATCH
BGMS,REJECTED,REJECTED,"MARKET_CAP_BELOW_MINIMUM, LOW_DOLLAR_VOLUME, PRICE_WATCHLIST_RANGE",both,MATCH
BHF,PASSED,PASSED,,both,MATCH
BHFAL,REJECTED,REJECTED,"MISSING_MARKET_CAP, LOW_DOLLAR_VOLUME",both,MATCH
BHRB,PASSED,PASSED,,both,MATCH
BHST,REJECTED,REJECTED,"MARKET_CAP_BELOW_MINIMUM, LOW_DOLLAR_VOLUME, PRICE_WATCHLIST_RANGE",both,MATCH
BIAF,REJECTED,REJECTED,"MARKET_CAP_BELOW_MINIMUM, PRICE_WATCHLIST_RANGE",both,MATCH
BIDU,PASSED,PASSED,,both,MATCH
BIIB,PASSED,PASSED,,both,MATCH
BILI,PASSED,PASSED,,both,MATCH
BIOA,PASSED,PASSED,,both,MATCH
BIOX,REJECTED,REJECTED,"MARKET_CAP_BELOW_MINIMUM, PRICE_BELOW_MINIMUM, LOW_DOLLAR_VOLUME",both,MATCH
BIRD,REJECTED,REJECTED,"MARKET_CAP_BELOW_MINIMUM, PRICE_WATCHLIST_RANGE",both,MATCH
BIVI,REJECTED,REJECTED,"MARKET_CAP_BELOW_MINIMUM, LOW_DOLLAR_VOLUME, PRICE_WATCHLIST_RANGE",both,MATCH
BIYA,REJECTED,REJECTED,"MARKET_CAP_BELOW_MINIMUM, PRICE_BELOW_MINIMUM",both,MATCH
BJDX,REJECTED,REJECTED,"MARKET_CAP_BELOW_MINIMUM, PRICE_WATCHLIST_RANGE",both,MATCH
BJRI,PASSED,PASSED,,both,MATCH
BKNG,PASSED,PASSED,,both,MATCH
BKR,PASSED,PASSED,,both,MATCH
BL,PASSED,PASSED,,both,MATCH
BLBD,PASSED,PASSED,,both,MATCH
BLDP,PASSED,PASSED,PRICE_WATCHLIST_RANGE,both,MATCH
BLFS,PASSED,PASSED,,both,MATCH
BLIN,REJECTED,REJECTED,"MARKET_CAP_BELOW_MINIMUM, LOW_DOLLAR_VOLUME, PRICE_WATCHLIST_RANGE",both,MATCH
BLIV,REJECTED,REJECTED,"MARKET_CAP_BELOW_MINIMUM, LOW_DOLLAR_VOLUME, PRICE_WATCHLIST_RANGE",both,MATCH
BLKB,PASSED,PASSED,,both,MATCH
BLLN,PASSED,PASSED,,both,MATCH
BLMN,PASSED,PASSED,,both,MATCH
BLNE,REJECTED,REJECTED,"MARKET_CAP_BELOW_MINIMUM, DOLLAR_VOLUME_WATCHLIST_RANGE, PRICE_WATCHLIST_RANGE",both,MATCH
BLNK,REJECTED,REJECTED,"MARKET_CAP_BELOW_MINIMUM, PRICE_BELOW_MINIMUM, DOLLAR_VOLUME_WATCHLIST_RANGE",both,MATCH
BLRX,REJECTED,REJECTED,"MARKET_CAP_BELOW_MINIMUM, LOW_DOLLAR_VOLUME, PRICE_WATCHLIST_RANGE",both,MATCH
BLTE,PASSED,PASSED,,both,MATCH
BLZE,PASSED,PASSED,,both,MATCH
BMBL,WATCHLIST,PASSED,PRICE_WATCHLIST_RANGE,both,MISMATCH
BMEA,REJECTED,REJECTED,"MARKET_CAP_BELOW_MINIMUM, DOLLAR_VOLUME_WATCHLIST_RANGE, PRICE_WATCHLIST_RANGE",both,MATCH
BMGL,REJECTED,REJECTED,"MARKET_CAP_BELOW_MINIMUM, PRICE_BELOW_MINIMUM, LOW_DOLLAR_VOLUME",both,MATCH
BMHL,REJECTED,REJECTED,"LOW_DOLLAR_VOLUME, MARKET_CAP_WATCHLIST_RANGE, PRICE_WATCHLIST_RANGE",both,MATCH
BMM,WATCHLIST,WATCHLIST,DOLLAR_VOLUME_WATCHLIST_RANGE,both,MATCH
BMR,REJECTED,REJECTED,"MARKET_CAP_BELOW_MINIMUM, LOW_DOLLAR_VOLUME, PRICE_WATCHLIST_RANGE",both,MATCH
BMRA,REJECTED,REJECTED,"MARKET_CAP_BELOW_MINIMUM, LOW_DOLLAR_VOLUME, PRICE_WATCHLIST_RANGE",both,MATCH
BMRC,PASSED,PASSED,,both,MATCH
BMRN,PASSED,PASSED,,both,MATCH
BNAI,WATCHLIST,WATCHLIST,MARKET_CAP_WATCHLIST_RANGE,both,MATCH
BNBX,REJECTED,REJECTED,"MARKET_CAP_BELOW_MINIMUM, PRICE_BELOW_MINIMUM, LOW_DOLLAR_VOLUME",both,MATCH
BNC,REJECTED,REJECTED,"MARKET_CAP_BELOW_MINIMUM, DOLLAR_VOLUME_WATCHLIST_RANGE, PRICE_WATCHLIST_RANGE",both,MATCH
BNGO,REJECTED,REJECTED,"MARKET_CAP_BELOW_MINIMUM, LOW_DOLLAR_VOLUME, PRICE_WATCHLIST_RANGE",both,MATCH
BNKK,REJECTED,REJECTED,"MARKET_CAP_BELOW_MINIMUM, LOW_DOLLAR_VOLUME, PRICE_WATCHLIST_RANGE",both,MATCH
BNR,REJECTED,REJECTED,"MARKET_CAP_BELOW_MINIMUM, LOW_DOLLAR_VOLUME",both,MATCH
BNRG,REJECTED,REJECTED,"MARKET_CAP_BELOW_MINIMUM, DOLLAR_VOLUME_WATCHLIST_RANGE, PRICE_WATCHLIST_RANGE",both,MATCH
BNTC,WATCHLIST,WATCHLIST,DOLLAR_VOLUME_WATCHLIST_RANGE,both,MATCH
BNTX,PASSED,PASSED,,both,MATCH
BNZI,REJECTED,REJECTED,"MARKET_CAP_BELOW_MINIMUM, DOLLAR_VOLUME_WATCHLIST_RANGE, PRICE_WATCHLIST_RANGE",both,MATCH
BODI,REJECTED,REJECTED,"MARKET_CAP_BELOW_MINIMUM, DOLLAR_VOLUME_WATCHLIST_RANGE",both,MATCH
BOF,REJECTED,REJECTED,"MARKET_CAP_BELOW_MINIMUM, LOW_DOLLAR_VOLUME, PRICE_WATCHLIST_RANGE",both,MATCH
BOKF,PASSED,PASSED,,both,MATCH
BOLD,REJECTED,REJECTED,"MARKET_CAP_BELOW_MINIMUM, LOW_DOLLAR_VOLUME, PRICE_WATCHLIST_RANGE",both,MATCH
BOLT,REJECTED,REJECTED,"MARKET_CAP_BELOW_MINIMUM, LOW_DOLLAR_VOLUME, PRICE_WATCHLIST_RANGE",both,MATCH
BON,REJECTED,REJECTED,"MARKET_CAP_BELOW_MINIMUM, LOW_DOLLAR_VOLUME, PRICE_WATCHLIST_RANGE",both,MATCH
BOOM,WATCHLIST,WATCHLIST,MARKET_CAP_WATCHLIST_RANGE,both,MATCH
BOSC,REJECTED,REJECTED,"MARKET_CAP_BELOW_MINIMUM, LOW_DOLLAR_VOLUME, PRICE_WATCHLIST_RANGE",both,MATCH
BOT,REJECTED,REJECTED,MISSING_MARKET_CAP,both,MATCH
BOTJ,REJECTED,REJECTED,"LOW_DOLLAR_VOLUME, MARKET_CAP_WATCHLIST_RANGE",both,MATCH
BOXL,REJECTED,REJECTED,"MARKET_CAP_BELOW_MINIMUM, PRICE_BELOW_MINIMUM, LOW_DOLLAR_VOLUME",both,MATCH
BPAC,REJECTED,REJECTED,"MARKET_CAP_BELOW_MINIMUM, LOW_DOLLAR_VOLUME",both,MATCH
BPOP,PASSED,PASSED,,both,MATCH
BPRN,REJECTED,REJECTED,"LOW_DOLLAR_VOLUME, MARKET_CAP_WATCHLIST_RANGE",both,MATCH
BRAG,REJECTED,REJECTED,"MARKET_CAP_BELOW_MINIMUM, LOW_DOLLAR_VOLUME, PRICE_WATCHLIST_RANGE",both,MATCH
BRAI,WATCHLIST,WATCHLIST,DOLLAR_VOLUME_WATCHLIST_RANGE,both,MATCH
BRBI,REJECTED,REJECTED,LOW_DOLLAR_VOLUME,both,MATCH
BRCB,WATCHLIST,WATCHLIST,MARKET_CAP_WATCHLIST_RANGE,both,MATCH
BRFH,REJECTED,REJECTED,"MARKET_CAP_BELOW_MINIMUM, LOW_DOLLAR_VOLUME, PRICE_WATCHLIST_RANGE",both,MATCH
BRID,REJECTED,REJECTED,"MARKET_CAP_BELOW_MINIMUM, LOW_DOLLAR_VOLUME",both,MATCH
BRKR,PASSED,PASSED,,both,MATCH
BRLS,REJECTED,REJECTED,"MARKET_CAP_BELOW_MINIMUM, LOW_DOLLAR_VOLUME, PRICE_WATCHLIST_RANGE",both,MATCH
BRLT,REJECTED,REJECTED,"LOW_DOLLAR_VOLUME, MARKET_CAP_WATCHLIST_RANGE, PRICE_WATCHLIST_RANGE",both,MATCH
BRNS,REJECTED,REJECTED,"MARKET_CAP_BELOW_MINIMUM, PRICE_BELOW_MINIMUM, LOW_DOLLAR_VOLUME",both,MATCH
BRR,WATCHLIST,WATCHLIST,"MARKET_CAP_WATCHLIST_RANGE, PRICE_WATCHLIST_RANGE",both,MATCH
BRTX,REJECTED,REJECTED,"MARKET_CAP_BELOW_MINIMUM, PRICE_BELOW_MINIMUM",both,MATCH
BRUN,PASSED,PASSED,,both,MATCH
BRZE,PASSED,PASSED,,both,MATCH
BSBK,REJECTED,REJECTED,"LOW_DOLLAR_VOLUME, MARKET_CAP_WATCHLIST_RANGE",both,MATCH
BSET,REJECTED,REJECTED,"LOW_DOLLAR_VOLUME, MARKET_CAP_WATCHLIST_RANGE",both,MATCH
BSRR,PASSED,PASSED,,both,MATCH
BSVN,WATCHLIST,WATCHLIST,DOLLAR_VOLUME_WATCHLIST_RANGE,both,MATCH
BSY,PASSED,PASSED,,both,MATCH
BTAI,REJECTED,REJECTED,"MARKET_CAP_BELOW_MINIMUM, DOLLAR_VOLUME_WATCHLIST_RANGE, PRICE_WATCHLIST_RANGE",both,MATCH
BTBD,REJECTED,REJECTED,"MARKET_CAP_BELOW_MINIMUM, DOLLAR_VOLUME_WATCHLIST_RANGE, PRICE_WATCHLIST_RANGE",both,MATCH
BTBT,WATCHLIST,PASSED,PRICE_WATCHLIST_RANGE,both,MISMATCH
BTCS,REJECTED,REJECTED,"MARKET_CAP_BELOW_MINIMUM, DOLLAR_VOLUME_WATCHLIST_RANGE, PRICE_WATCHLIST_RANGE",both,MATCH
BTCT,REJECTED,REJECTED,"MARKET_CAP_BELOW_MINIMUM, LOW_DOLLAR_VOLUME, PRICE_WATCHLIST_RANGE",both,MATCH
BTDR,PASSED,PASSED,,both,MATCH
BTMD,REJECTED,REJECTED,"MARKET_CAP_BELOW_MINIMUM, DOLLAR_VOLUME_WATCHLIST_RANGE, PRICE_WATCHLIST_RANGE",both,MATCH
BTOC,REJECTED,REJECTED,"MARKET_CAP_BELOW_MINIMUM, PRICE_BELOW_MINIMUM, LOW_DOLLAR_VOLUME",both,MATCH
BTOG,REJECTED,REJECTED,"MARKET_CAP_BELOW_MINIMUM, DOLLAR_VOLUME_WATCHLIST_RANGE, PRICE_WATCHLIST_RANGE",both,MATCH
BTQ,PASSED,PASSED,PRICE_WATCHLIST_RANGE,both,MATCH
BTSG,PASSED,PASSED,,both,MATCH
BTTC,REJECTED,REJECTED,"MARKET_CAP_BELOW_MINIMUM, PRICE_BELOW_MINIMUM, LOW_DOLLAR_VOLUME",both,MATCH
BULL,PASSED,PASSED,,both,MATCH
BUSE,PASSED,PASSED,,both,MATCH
BUUU,REJECTED,REJECTED,"LOW_DOLLAR_VOLUME, MARKET_CAP_WATCHLIST_RANGE",both,MATCH
BVC,REJECTED,REJECTED,LOW_DOLLAR_VOLUME,both,MATCH
BVFL,REJECTED,REJECTED,"LOW_DOLLAR_VOLUME, MARKET_CAP_WATCHLIST_RANGE",both,MATCH
BVS,PASSED,PASSED,,both,MATCH
BWAY,PASSED,PASSED,,both,MATCH
BWB,WATCHLIST,WATCHLIST,DOLLAR_VOLUME_WATCHLIST_RANGE,both,MATCH
BWEN,REJECTED,REJECTED,"MARKET_CAP_BELOW_MINIMUM, PRICE_WATCHLIST_RANGE",both,MATCH
BWFG,PASSED,PASSED,,both,MATCH
BWIN,PASSED,PASSED,,both,MATCH
BWMN,PASSED,PASSED,,both,MATCH
BYAH,REJECTED,REJECTED,"MARKET_CAP_BELOW_MINIMUM, LOW_DOLLAR_VOLUME, PRICE_WATCHLIST_RANGE",both,MATCH
BYFC,REJECTED,REJECTED,"MARKET_CAP_BELOW_MINIMUM, LOW_DOLLAR_VOLUME",both,MATCH
BYND,REJECTED,REJECTED,PRICE_BELOW_MINIMUM,both,MATCH
BYRN,WATCHLIST,WATCHLIST,MARKET_CAP_WATCHLIST_RANGE,both,MATCH
BYSI,REJECTED,REJECTED,"MARKET_CAP_BELOW_MINIMUM, LOW_DOLLAR_VOLUME, PRICE_WATCHLIST_RANGE",both,MATCH
BZ,PASSED,PASSED,,both,MATCH
BZAI,WATCHLIST,WATCHLIST,"MARKET_CAP_WATCHLIST_RANGE, PRICE_WATCHLIST_RANGE",both,MATCH
BZFD,WATCHLIST,WATCHLIST,"MARKET_CAP_WATCHLIST_RANGE, PRICE_WATCHLIST_RANGE",both,MATCH
BZUN,WATCHLIST,WATCHLIST,"MARKET_CAP_WATCHLIST_RANGE, DOLLAR_VOLUME_WATCHLIST_RANGE, PRICE_WATCHLIST_RANGE",both,MATCH
CAAS,REJECTED,REJECTED,"LOW_DOLLAR_VOLUME, MARKET_CAP_WATCHLIST_RANGE, PRICE_WATCHLIST_RANGE",both,MATCH
CABA,PASSED,PASSED,PRICE_WATCHLIST_RANGE,both,MATCH
CABR,REJECTED,REJECTED,"MARKET_CAP_BELOW_MINIMUM, LOW_DOLLAR_VOLUME, PRICE_WATCHLIST_RANGE",both,MATCH
CAC,PASSED,PASSED,,both,MATCH
CACC,PASSED,PASSED,,both,MATCH
CADL,PASSED,PASSED,,both,MATCH
CAI,PASSED,PASSED,,both,MATCH
CAKE,PASSED,PASSED,,both,MATCH
