ticker,name,exchange,country,region,currency,sector,industry,asset_type,is_active,market_cap,price,avg_volume_30d,avg_volume_90d,data_source,last_updated,isin,figi,cusip,ipo_date,shares_outstanding,free_float,primary_listing,adr_flag,otc_flag,etf_flag,fund_flag,preferred_flag,warrant_flag,spac_flag,duplicate_group,dollar_volume_90d,universe_validation_status,universe_validation_date,stage1_status,stage1_primary_reason,stage1_all_reasons,yf_success,yf_error,financial_data_date,quote_type,sector_yf,industry_yf,country_yf,revenue_ttm,operating_margin,fcf_margin,net_debt_to_ebitda,shares_dilution_3y,revenue_growth_1y,gross_margin,net_margin,ebitda,free_cash_flow,total_debt,cash,net_debt,debt_to_equity,current_ratio,interest_coverage,pe_ratio,forward_pe,ev_ebitda,price_sales,fcf_yield,shares_outstanding_fund,float_shares,market_cap_yf,special_case,data_completeness_score,revenue_growth_3y,stage2_status,stage2_primary_reason,stage2_all_reasons,price_change_6m,price_change_12m,relative_strength_6m,drawdown_from_52w_high,business_quality_score,financial_health_score,growth_score,valuation_score,risk_score,moat_proxy_score,momentum_score,liquidity_score,data_quality_score,final_stage3_score,stage3_status,stage3_category,stage3_primary_reason,stage3_all_reasons
APP,Applovin Corporation - Class A Common Stock,NASDAQ,USA,North America,USD,Communication Services,Advertising Agencies,common_stock,True,187185512448.0,557.2,4677550.0,4677550.0,yfinance_clean_market_data_500,2026-06-08,,,,,,,,,,,,,,,,2606330860.0,VALIDATED_STAGE0,2026-06-08T08:39:46+00:00,PASSED,,,True,,2026-06-09,EQUITY,Communication Services,Advertising Agencies,United States,6164192256.0,0.78151,0.5158984580509489,0.2239648039762355,,0.59,0.88367,0.6429,4872055808.0,3180097280.0,3849840128.0,2758671104.0,1091169024.0,162.888,3.244,,49.01652,25.70835,39.092,30.720285,0.0167934133729216,305732000.0,241530782.0,189365747712.0,none,92.31,,PASSED,MISSING_SHARES_DILUTION_PROVIDER_LIMITATION,MISSING_SHARES_DILUTION_PROVIDER_LIMITATION,,,,,10.0,4.89,5.0,0.0,0.41,7.5,5.0,10.0,8.46,59.34,WATCHLIST,🟡 Interesante con condiciones,FINAL_SCORE_WATCHLIST_RANGE,FINAL_SCORE_WATCHLIST_RANGE
BKNG,Booking Holdings Inc. - Common Stock,NASDAQ,USA,North America,USD,Consumer Cyclical,Travel Services,common_stock,True,128505839616.0,165.84,7852217.0,7852217.0,yfinance_clean_market_data_500,2026-06-08,,,,,,,,,,,,,,,,1302211667.28,VALIDATED_STAGE0,2026-06-08T08:39:46+00:00,PASSED,,,True,,2026-06-09,EQUITY,Consumer Cyclical,Travel Services,United States,27687000064.0,0.25035998,0.2555396117905683,0.3037192965284053,,0.162,0.86987,0.22227,10378000384.0,7075125248.0,19175999488.0,16024000512.0,3151998976.0,,1.057,,21.41161,13.191154,12.422,4.542304,0.0562577071074129,774878436.0,772468564.0,125762772992.0,none,92.31,,PASSED,MISSING_SHARES_DILUTION_PROVIDER_LIMITATION,MISSING_SHARES_DILUTION_PROVIDER_LIMITATION,,,,,8.27,2.88,3.53,6.8,0.45,6.3,5.0,10.0,8.46,59.04,WATCHLIST,🟡 Interesante con condiciones,FINAL_SCORE_WATCHLIST_RANGE,FINAL_SCORE_WATCHLIST_RANGE
AVGO,Broadcom Inc. - Common Stock,NASDAQ,USA,North America,USD,Technology,Semiconductors,common_stock,True,1826303639552.0,385.73,24438841.0,24438841.0,yfinance_clean_market_data_500,2026-06-08,,,,,,,,,,,,,,,,9426794138.93,VALIDATED_STAGE0,2026-06-08T08:39:46+00:00,PASSED,,,True,,2026-06-09,EQUITY,Technology,Semiconductors,United States,75464998912.0,0.48988,0.3605943083591944,1.0794078942421943,,0.479,0.76284,0.38848,41948000256.0,27212249088.0,64907001856.0,19627999232.0,45279002624.0,74.018,2.238,,65.77114,20.496082,45.96,24.882654,0.0144917945258366,4734668184.0,4687804910.0,1877769453568.0,none,92.31,,PASSED,MISSING_SHARES_DILUTION_PROVIDER_LIMITATION,MISSING_SHARES_DILUTION_PROVIDER_LIMITATION,,,,,10.0,4.46,5.0,0.0,0.77,7.5,5.0,10.0,8.46,58.52,WATCHLIST,🟡 Interesante con condiciones,FINAL_SCORE_WATCHLIST_RANGE,FINAL_SCORE_WATCHLIST_RANGE
ADSK,"Autodesk, Inc. - Common Stock",NASDAQ,USA,North America,USD,Technology,Software - Application,common_stock,True,48554962944.0,229.96,2084849.0,2084849.0,yfinance_clean_market_data_500,2026-06-08,,,,,,,,,,,,,,,,479431876.04,VALIDATED_STAGE0,2026-06-08T08:39:46+00:00,PASSED,,,True,,2026-06-09,EQUITY,Technology,Software - Application,United States,7506999808.0,0.29524,0.4077527659902132,-0.093501633481017,,0.184,0.92434,0.19488001,2139000064.0,3060999936.0,2724000000.0,2924000000.0,-200000000.0,85.419,0.835,,32.90058,15.773706,22.105,6.329576,0.0644202319152507,211145251.0,210440850.0,47516127232.0,none,92.31,,PASSED,MISSING_SHARES_DILUTION_PROVIDER_LIMITATION,MISSING_SHARES_DILUTION_PROVIDER_LIMITATION,,,,,8.73,2.57,3.9,4.97,0.32,7.04,5.0,10.0,8.46,58.48,WATCHLIST,🟡 Interesante con condiciones,FINAL_SCORE_WATCHLIST_RANGE,FINAL_SCORE_WATCHLIST_RANGE
APA,APA Corporation - Common Stock,NASDAQ,USA,North America,USD,Energy,Oil & Gas E&P,common_stock,True,12926406656.0,36.57,8099574.0,8099574.0,yfinance_clean_market_data_500,2026-06-08,,,,,,,,,,,,,,,,296201421.18,VALIDATED_STAGE0,2026-06-08T08:39:46+00:00,PASSED,,,True,,2026-06-09,EQUITY,Energy,Oil & Gas E&P,United States,8370999808.0,0.38487998,0.2020368040605741,0.8142391395766484,,-0.119,0.72273004,0.18313,5210999808.0,1691250048.0,4536000000.0,293000000.0,4243000000.0,61.314,0.919,,8.778555,8.8503275,3.55,1.590215,0.1270499998615352,353470227.0,351367079.0,13311688704.0,none,92.31,,PASSED,MISSING_SHARES_DILUTION_PROVIDER_LIMITATION,MISSING_SHARES_DILUTION_PROVIDER_LIMITATION,,,,,8.21,2.34,0.0,10.0,0.66,6.55,5.0,10.0,8.46,57.89,WATCHLIST,🟡 Interesante con condiciones,FINAL_SCORE_WATCHLIST_RANGE,FINAL_SCORE_WATCHLIST_RANGE
AYA,Aya Gold & Silver Inc. - Common Shares,NASDAQ,USA,North America,USD,Basic Materials,Silver,common_stock,True,2457014528.0,17.14,319263.0,319263.0,yfinance_clean_market_data_500,2026-06-08,,,,,,,,,,,,,,,,5472167.82,VALIDATED_STAGE0,2026-06-08T08:39:46+00:00,PASSED,,,True,,2026-06-09,EQUITY,Basic Materials,Silver,Canada,285544992.0,0.66156995,0.1331217463621284,-0.4644965232618848,,2.466,0.5487,0.30453,154392992.0,38012248.0,100244000.0,171959008.0,-71715008.0,21.387,2.223,,29.183332,7.613044,15.86,8.790398,0.0151439952364629,143349749.0,142815054.0,2510054144.0,none,92.31,,PASSED,MISSING_SHARES_DILUTION_PROVIDER_LIMITATION,MISSING_SHARES_DILUTION_PROVIDER_LIMITATION,,,,,7.85,5.0,5.0,4.16,0.74,5.1,5.0,1.0,8.46,57.68,WATCHLIST,🟡 Interesante con condiciones,FINAL_SCORE_WATCHLIST_RANGE,FINAL_SCORE_WATCHLIST_RANGE
ADI,"Analog Devices, Inc. - Common Stock",NASDAQ,USA,North America,USD,Technology,Semiconductors,common_stock,True,195511877632.0,401.39,3937093.0,3937093.0,yfinance_clean_market_data_500,2026-06-08,,,,,,,,,,,,,,,,1580309759.27,VALIDATED_STAGE0,2026-06-08T08:39:46+00:00,PASSED,,,True,,2026-06-09,EQUITY,Technology,Semiconductors,United States,12740193280.0,0.38076,0.3036809991001957,0.8569010278224862,,0.372,0.64491,0.26007998,6149394944.0,3868954624.0,8708730880.0,3439308032.0,5269422848.0,25.81,1.752,,59.924335,27.339132,32.849,15.4416485,0.0196663588292606,487087040.0,485265334.0,196729585664.0,none,92.31,,PASSED,MISSING_SHARES_DILUTION_PROVIDER_LIMITATION,MISSING_SHARES_DILUTION_PROVIDER_LIMITATION,,,,,9.39,4.05,5.0,0.63,0.68,6.97,5.0,10.0,8.46,56.87,WATCHLIST,🟡 Interesante con condiciones,FINAL_SCORE_WATCHLIST_RANGE,FINAL_SCORE_WATCHLIST_RANGE
BIIB,Biogen Inc. - Common Stock,NASDAQ,USA,North America,USD,Healthcare,Drug Manufacturers - General,common_stock,True,28839434240.0,195.34,1156031.0,1156031.0,yfinance_clean_market_data_500,2026-06-08,,,,,,,,,,,,,,,,225819095.54,VALIDATED_STAGE0,2026-06-08T08:39:46+00:00,PASSED,,,True,,2026-06-09,EQUITY,Healthcare,Drug Manufacturers - General,United States,9937399808.0,0.22899,0.1943088829379219,0.6439145899031155,,0.019,0.78720003,0.13805,3539599872.0,1930925056.0,6561900032.0,4282700032.0,2279200000.0,35.181,3.065,,20.711826,11.568469,8.678,2.8617003,0.0678998009027145,147637117.0,147198635.0,28437860352.0,none,92.31,,PASSED,MISSING_SHARES_DILUTION_PROVIDER_LIMITATION,MISSING_SHARES_DILUTION_PROVIDER_LIMITATION,,,,,6.91,4.68,1.15,7.83,0.62,5.61,5.0,10.0,8.46,55.88,WATCHLIST,🟡 Interesante con condiciones,FINAL_SCORE_WATCHLIST_RANGE,FINAL_SCORE_WATCHLIST_RANGE
ANIP,"ANI Pharmaceuticals, Inc. - Common Stock",NASDAQ,USA,North America,USD,Healthcare,Drug Manufacturers - Specialty & Generic,common_stock,True,1844004864.0,81.11,359852.0,359852.0,yfinance_clean_market_data_500,2026-06-08,,,,,,,,,,,,,,,,29187595.72,VALIDATED_STAGE0,2026-06-08T08:39:46+00:00,PASSED,,,True,,2026-06-09,EQUITY,Healthcare,Drug Manufacturers - Specialty & Generic,United States,923705984.0,0.16299999,0.1518443167301165,1.5409389026820928,,0.205,0.60826,0.099759996,197379008.0,140259504.0,630209984.0,326060992.0,304148992.0,112.077,3.119,,20.493605,7.551099,10.149,1.9721913,0.0769926907428254,22734618.0,19462235.0,1821724928.0,none,92.31,,PASSED,MISSING_SHARES_DILUTION_PROVIDER_LIMITATION,MISSING_SHARES_DILUTION_PROVIDER_LIMITATION,,,,,5.3,4.23,4.25,8.1,1.26,4.0,5.0,5.8,8.46,54.3,WATCHLIST,🟡 Interesante con condiciones,FINAL_SCORE_WATCHLIST_RANGE,FINAL_SCORE_WATCHLIST_RANGE
AMGN,Amgen Inc. - Common Stock,NASDAQ,USA,North America,USD,Healthcare,Drug Manufacturers - General,common_stock,True,188671213568.0,349.58,2589563.0,2589563.0,yfinance_clean_market_data_500,2026-06-08,,,,,,,,,,,,,,,,905259433.54,VALIDATED_STAGE0,2026-06-08T08:39:46+00:00,PASSED,,,True,,2026-06-09,EQUITY,Healthcare,Drug Manufacturers - General,United States,37219999744.0,0.33800998,0.1998018524220654,2.6767349107380425,,0.058,0.71443003,0.20955999,16917999616.0,7436624896.0,57322999808.0,12037999616.0,45285000192.0,623.754,1.261,,24.042421,14.726265,13.706,5.013255,0.0398547165475696,539708274.0,538229473.0,186593345536.0,none,92.31,,PASSED,MISSING_SHARES_DILUTION_PROVIDER_LIMITATION,MISSING_SHARES_DILUTION_PROVIDER_LIMITATION,,,,,8.33,2.12,1.8,5.9,1.44,6.39,5.0,10.0,8.46,53.72,WATCHLIST,🟡 Interesante con condiciones,FINAL_SCORE_WATCHLIST_RANGE,FINAL_SCORE_WATCHLIST_RANGE
ACGL,Arch Capital Group Ltd. - Common Stock,NASDAQ,USA,North America,USD,Financial Services,Insurance - Diversified,common_stock,True,31860838400.0,91.19,2203426.0,2203426.0,yfinance_clean_market_data_500,2026-06-08,,,,,,,,,,,,,,,,200930416.94,VALIDATED_STAGE0,2026-06-08T08:39:46+00:00,PASSED,,,True,,2026-06-09,EQUITY,Financial Services,Insurance - Diversified,Bermuda,19776999424.0,0.25282,0.266780873624199,-0.1512633558895802,,-0.033,0.39369,0.24635,5896999936.0,5276125184.0,2728999936.0,3620999936.0,-892000000.0,11.282,0.566,,6.893077,9.021789,5.277,1.5830916,0.1685189096635218,349389588.0,336711541.0,31308802048.0,none,92.31,,PASSED,MISSING_SHARES_DILUTION_PROVIDER_LIMITATION,MISSING_SHARES_DILUTION_PROVIDER_LIMITATION,,,,,7.05,2.5,0.28,10.0,0.32,4.63,5.0,10.0,8.46,53.52,WATCHLIST,🟡 Interesante con condiciones,FINAL_SCORE_WATCHLIST_RANGE,FINAL_SCORE_WATCHLIST_RANGE
ALAB,"Astera Labs, Inc. - Common Stock",NASDAQ,USA,North America,USD,Technology,Semiconductors,common_stock,True,54346600448.0,317.06,5597415.0,5597415.0,yfinance_clean_market_data_500,2026-06-08,,,,,,,,,,,,,,,,1774716399.9,VALIDATED_STAGE0,2026-06-08T08:39:46+00:00,PASSED,,,True,,2026-06-09,EQUITY,Technology,Semiconductors,United States,1001443968.0,0.20052,0.2396588203325221,-4.895876012455848,,0.934,0.75988996,0.26724002,233384992.0,240004880.0,41850000.0,1184473984.0,-1142623984.0,2.801,11.3,,232.43623,82.328384,249.464,59.278114,0.0040429562831239,171407939.0,153435817.0,59363708928.0,none,92.31,,PASSED,MISSING_SHARES_DILUTION_PROVIDER_LIMITATION,MISSING_SHARES_DILUTION_PROVIDER_LIMITATION,,,,,8.16,5.0,5.0,0.0,0.32,5.75,5.0,10.0,8.46,53.25,WATCHLIST,🟡 Interesante con condiciones,FINAL_SCORE_WATCHLIST_RANGE,FINAL_SCORE_WATCHLIST_RANGE
ADP,"Automatic Data Processing, Inc. - Common Stock",NASDAQ,USA,North America,USD,Technology,Software - Application,common_stock,True,92718366720.0,231.95,3341206.0,3341206.0,yfinance_clean_market_data_500,2026-06-08,,,,,,,,,,,,,,,,774992731.6999999,VALIDATED_STAGE0,2026-06-08T08:39:46+00:00,PASSED,,,True,,2026-06-09,EQUITY,Technology,Software - Application,United States,21600399360.0,0.30184,0.2198749747560223,0.1844824078787222,,0.07,0.48497,0.20118,6339899904.0,4749387264.0,4398000128.0,3228400128.0,1169600000.0,69.259,1.043,,21.368937,18.78674,14.628,4.239233,0.0518666869239511,399734282.0,398834880.0,91569127424.0,none,92.31,,PASSED,MISSING_SHARES_DILUTION_PROVIDER_LIMITATION,MISSING_SHARES_DILUTION_PROVIDER_LIMITATION,,,,,7.09,2.91,2.0,6.47,0.4,5.11,5.0,10.0,8.46,52.18,WATCHLIST,🟡 Interesante con condiciones,FINAL_SCORE_WATCHLIST_RANGE,FINAL_SCORE_WATCHLIST_RANGE
BSY,"Bentley Systems, Incorporated - Class B Common Stock",NASDAQ,USA,North America,USD,Technology,Software - Application,common_stock,True,10004024320.0,32.93,2518531.0,2518531.0,yfinance_clean_market_data_500,2026-06-08,,,,,,,,,,,,,,,,82935225.83,VALIDATED_STAGE0,2026-06-08T08:39:46+00:00,PASSED,,,True,,2026-06-09,EQUITY,Technology,Software - Application,United States,1555417984.0,0.30633,0.2689560878833197,2.382635829142271,,0.145,0.81635004,0.18122,445055008.0,418339136.0,1165563008.0,105159000.0,1060404008.0,95.079,0.515,,37.95402,20.887497,25.613,6.4493055,0.0417031070339525,292281547.0,159340048.0,10031366144.0,none,92.31,,PASSED,MISSING_SHARES_DILUTION_PROVIDER_LIMITATION,MISSING_SHARES_DILUTION_PROVIDER_LIMITATION,,,,,8.44,1.31,3.25,3.52,1.31,6.88,5.0,10.0,8.46,52.12,WATCHLIST,🟡 Interesante con condiciones,FINAL_SCORE_WATCHLIST_RANGE,FINAL_SCORE_WATCHLIST_RANGE
AVPT,"AvePoint, Inc. - Class A Common Stock",NASDAQ,USA,North America,USD,Technology,Software - Infrastructure,common_stock,True,2277064704.0,10.74,1804987.0,1804987.0,yfinance_clean_market_data_500,2026-06-08,,,,,,,,,,,,,,,,19385560.38,VALIDATED_STAGE0,2026-06-08T08:39:46+00:00,PASSED,,,True,,2026-06-09,EQUITY,Technology,Software - Infrastructure,United States,443675008.0,0.10855,0.2065461753482405,-8.559727678209391,,0.26,0.7368,0.10505,49324000.0,91639376.0,22007000.0,444207008.0,-422200008.0,5.015,2.16,,53.4,21.4682,37.348,5.103609,0.0404706103711967,212017196.0,142617607.0,2264343808.0,none,92.31,,PASSED,MISSING_SHARES_DILUTION_PROVIDER_LIMITATION,MISSING_SHARES_DILUTION_PROVIDER_LIMITATION,,,,,5.87,5.0,5.0,2.71,0.32,4.64,5.0,3.82,8.46,51.07,WATCHLIST,🟡 Interesante con condiciones,FINAL_SCORE_WATCHLIST_RANGE,FINAL_SCORE_WATCHLIST_RANGE
APPF,"AppFolio, Inc. - Class A Common Stock",NASDAQ,USA,North America,USD,Technology,Software - Application,common_stock,True,5902753280.0,166.94,362128.0,362128.0,yfinance_clean_market_data_500,2026-06-08,,,,,,,,,,,,,,,,60453648.32,VALIDATED_STAGE0,2026-06-08T08:39:46+00:00,PASSED,,,True,,2026-06-09,EQUITY,Technology,Software - Application,United States,995334016.0,0.19354,0.1784448769406872,-0.6262984412718872,,0.204,0.63749003,0.15268,183098000.0,177612256.0,36979000.0,151652992.0,-114673992.0,7.864,3.523,,39.261906,20.048485,31.218,5.857955,0.0304619756280617,24028908.0,22906318.0,5830621696.0,none,92.31,,PASSED,MISSING_SHARES_DILUTION_PROVIDER_LIMITATION,MISSING_SHARES_DILUTION_PROVIDER_LIMITATION,,,,,6.33,5.0,4.23,2.7,0.46,4.62,5.0,10.0,8.46,50.72,WATCHLIST,🟡 Interesante con condiciones,FINAL_SCORE_WATCHLIST_RANGE,FINAL_SCORE_WATCHLIST_RANGE
ARM,Arm Holdings plc - American Depositary Shares,NASDAQ,USA,North America,USD,Technology,Semiconductors,common_stock,True,366276247552.0,342.93,9836884.0,9836884.0,yfinance_clean_market_data_500,2026-06-08,,,,,,,,,,,,,,,,3373362630.12,VALIDATED_STAGE0,2026-06-08T08:39:46+00:00,PASSED,,,True,,2026-06-09,EQUITY,Technology,Semiconductors,United Kingdom,4920000000.0,0.2953,0.152540643902439,-2.9210104654152955,,0.201,0.97541,0.18374,1064700032.0,750499968.0,491000000.0,3600999936.0,-3109999936.0,5.926,5.996,,398.14944,113.1609,344.568,75.197525,0.0020285327751233,1068078760.0,142609876.0,369971822592.0,none,92.31,,PASSED,MISSING_SHARES_DILUTION_PROVIDER_LIMITATION,MISSING_SHARES_DILUTION_PROVIDER_LIMITATION,,,,,7.41,5.0,4.18,0.0,0.62,5.82,5.0,10.0,8.46,50.47,WATCHLIST,🟡 Interesante con condiciones,FINAL_SCORE_WATCHLIST_RANGE,FINAL_SCORE_WATCHLIST_RANGE
AAPL,Apple Inc. - Common Stock,NASDAQ,USA,North America,USD,Technology,Consumer Electronics,common_stock,True,4514011676672.0,307.34,44645993.0,44645993.0,yfinance_clean_market_data_500,2026-06-08,,,,,,,,,,,,,,,,13721499488.62,VALIDATED_STAGE0,2026-06-08T08:39:46+00:00,PASSED,,,True,,2026-06-09,EQUITY,Technology,Consumer Electronics,United States,451442016256.0,0.32275,0.2239285284218523,0.1012901775472749,,0.166,0.47862,0.27152002,159975997440.0,101090746368.0,84710998016.0,68507000832.0,16203997184.0,79.548,1.07,,36.506054,31.37783,27.786,9.810397,0.022825633908601,14687356000.0,14662534368.0,4428825362432.0,none,92.31,,PASSED,MISSING_SHARES_DILUTION_PROVIDER_LIMITATION,MISSING_SHARES_DILUTION_PROVIDER_LIMITATION,,,,,7.83,3.01,3.6,2.34,0.36,5.28,5.0,10.0,8.46,50.29,WATCHLIST,🟡 Interesante con condiciones,FINAL_SCORE_WATCHLIST_RANGE,FINAL_SCORE_WATCHLIST_RANGE
ABNB,"Airbnb, Inc. - Class A Common Stock",NASDAQ,USA,North America,USD,Consumer Cyclical,Travel Services,common_stock,True,79256641536.0,133.54,3691225.0,3691225.0,yfinance_clean_market_data_500,2026-06-08,,,,,,,,,,,,,,,,492926186.5,VALIDATED_STAGE0,2026-06-08T08:39:46+00:00,PASSED,,,True,,2026-06-09,EQUITY,Consumer Cyclical,Travel Services,United States,12647000064.0,0.03211,0.252312805238553,-3.6162656863531866,,0.179,0.82913,0.19902,2619000064.0,3191000064.0,2534000128.0,12005000192.0,-9471000064.0,33.185,1.442,,33.19259,22.274359,26.848,6.3086,0.0399950566582229,417930233.0,402135196.0,79784861696.0,none,92.31,,PASSED,MISSING_SHARES_DILUTION_PROVIDER_LIMITATION,MISSING_SHARES_DILUTION_PROVIDER_LIMITATION,,,,,6.49,3.84,3.82,3.7,0.32,4.6,5.0,10.0,8.46,50.22,WATCHLIST,🟡 Interesante con condiciones,FINAL_SCORE_WATCHLIST_RANGE,FINAL_SCORE_WATCHLIST_RANGE
APEI,"American Public Education, Inc. - Common Stock",NASDAQ,USA,North America,USD,Consumer Defensive,Education & Training Services,common_stock,True,965784640.0,52.65,344641.0,344641.0,yfinance_clean_market_data_500,2026-06-08,,,,,,,,,,,,,,,,18145348.65,VALIDATED_STAGE0,2026-06-08T08:39:46+00:00,PASSED,,,True,,2026-06-09,EQUITY,Consumer Defensive,Education & Training Services,United States,659049024.0,0.12474,0.1550525746624882,-0.8226873941819302,,0.062,0.5498,0.061290003,77964000.0,102187248.0,153458000.0,217598000.0,-64140000.0,50.123,2.984,,26.865284,13.753315,11.377,1.4431549,0.1074400089468532,18343488.0,14179700.0,951109824.0,none,92.31,,PASSED,MISSING_SHARES_DILUTION_PROVIDER_LIMITATION,MISSING_SHARES_DILUTION_PROVIDER_LIMITATION,,,,,4.44,5.0,1.87,8.24,0.6,3.41,5.0,3.56,8.46,49.82,WATCHLIST,🟡 Interesante con condiciones,FINAL_SCORE_WATCHLIST_RANGE,FINAL_SCORE_WATCHLIST_RANGE
ASML,ASML Holding N.V. - New York Registry Shares,NASDAQ,USA,North America,USD,Technology,Semiconductor Equipment & Materials,common_stock,True,632755585024.0,1641.74,1702714.0,1702714.0,yfinance_clean_market_data_500,2026-06-08,,,,,,,,,,,,,,,,2795413682.36,VALIDATED_STAGE0,2026-06-08T08:39:46+00:00,PASSED,,,True,,2026-06-09,EQUITY,Technology,Semiconductor Equipment & Materials,Netherlands,33692700672.0,0.36020002,0.2446605522142217,-0.4463571566228119,,0.132,0.52603,0.29713,12704400384.0,8243274752.0,2705600000.0,8376300032.0,-5670700032.0,12.989,1.36,,58.830814,36.61648,52.612,20.007624,0.0122283659473605,385417665.0,385268964.0,674110898176.0,none,92.31,,PASSED,MISSING_SHARES_DILUTION_PROVIDER_LIMITATION,MISSING_SHARES_DILUTION_PROVIDER_LIMITATION,,,,,8.65,3.67,3.03,0.0,0.32,5.92,5.0,10.0,8.46,49.53,WATCHLIST,🟡 Interesante con condiciones,FINAL_SCORE_WATCHLIST_RANGE,FINAL_SCORE_WATCHLIST_RANGE
ASND,Ascendis Pharma A/S - Ordinary Share,NASDAQ,USA,North America,USD,Healthcare,Biotechnology,common_stock,True,13001548800.0,210.45,634825.0,634825.0,yfinance_clean_market_data_500,2026-06-08,,,,,,,,,,,,,,,,133598921.25,VALIDATED_STAGE0,2026-06-08T08:39:46+00:00,PASSED,,,True,,2026-06-09,EQUITY,Healthcare,Biotechnology,Denmark,865779008.0,0.10062,0.1365592453819347,-31.674885758998435,,1.443,0.89037,0.57281,-10224000.0,118230128.0,896664000.0,572819968.0,323844032.0,183.753,0.996,,23.602064,18.961256,-1281.987,14.686069,0.009298556713298,61779750.0,62106626.0,12714890240.0,none,92.31,,PASSED,MISSING_SHARES_DILUTION_PROVIDER_LIMITATION,MISSING_SHARES_DILUTION_PROVIDER_LIMITATION,,,,,6.86,2.91,5.0,3.02,0.72,4.06,5.0,10.0,8.46,49.3,WATCHLIST,🟡 Interesante con condiciones,FINAL_SCORE_WATCHLIST_RANGE,FINAL_SCORE_WATCHLIST_RANGE
ALRM,"Alarm.com Holdings, Inc. - Common Stock",NASDAQ,USA,North America,USD,Technology,Software - Application,common_stock,True,2244026624.0,45.37,469893.0,469893.0,yfinance_clean_market_data_500,2026-06-08,,,,,,,,,,,,,,,,21319045.41,VALIDATED_STAGE0,2026-06-08T08:39:46+00:00,PASSED,,,True,,2026-06-09,EQUITY,Technology,Software - Application,United States,1037558016.0,0.12246,0.0862387939953036,0.4212963305694773,,0.11,0.65826,0.12357,159935008.0,89477752.0,566729024.0,499348992.0,67380032.0,62.706,5.159,,18.626554,15.151669,14.579,2.1399148,0.0403001073966293,49460583.0,46893084.0,2220285696.0,none,92.31,,PASSED,MISSING_SHARES_DILUTION_PROVIDER_LIMITATION,MISSING_SHARES_DILUTION_PROVIDER_LIMITATION,,,,,4.91,4.79,2.67,6.61,1.21,3.36,5.0,4.21,8.46,48.82,WATCHLIST,🟡 Interesante con condiciones,FINAL_SCORE_WATCHLIST_RANGE,FINAL_SCORE_WATCHLIST_RANGE
ALGN,"Align Technology, Inc. - Common Stock",NASDAQ,USA,North America,USD,Healthcare,Medical Instruments & Supplies,common_stock,True,12013224960.0,167.74,1150501.0,1150501.0,yfinance_clean_market_data_500,2026-06-08,,,,,,,,,,,,,,,,192985037.74,VALIDATED_STAGE0,2026-06-08T08:39:46+00:00,PASSED,,,True,,2026-06-09,EQUITY,Healthcare,Medical Instruments & Supplies,United States,4095789056.0,0.16594,0.1315940583440047,-1.0598951368736915,,0.062,0.70147,0.10496,890456000.0,538981504.0,116044000.0,1059833984.0,-943789984.0,2.797,1.393,,28.915968,13.90548,12.778,3.0084312,0.0437417545180566,71618127.0,67023824.0,12321899520.0,none,92.31,,PASSED,MISSING_SHARES_DILUTION_PROVIDER_LIMITATION,MISSING_SHARES_DILUTION_PROVIDER_LIMITATION,,,,,5.66,3.74,1.87,6.04,0.75,4.32,5.0,10.0,8.46,48.36,WATCHLIST,🟡 Interesante con condiciones,FINAL_SCORE_WATCHLIST_RANGE,FINAL_SCORE_WATCHLIST_RANGE
ALNY,"Alnylam Pharmaceuticals, Inc. - Common Stock",NASDAQ,USA,North America,USD,Healthcare,Biotechnology,common_stock,True,40460984320.0,303.05,1101036.0,1101036.0,yfinance_clean_market_data_500,2026-06-08,,,,,,,,,,,,,,,,333668959.8,VALIDATED_STAGE0,2026-06-08T08:39:46+00:00,PASSED,,,True,,2026-06-09,EQUITY,Healthcare,Biotechnology,United States,4286923008.0,0.23016001,0.0477531617941294,-0.0483217490699119,,0.964,0.80827004,0.12550001,806942976.0,204714128.0,2970230016.0,3009222912.0,-38992896.0,276.203,3.127,,73.59194,21.022001,48.291,9.099075,0.0052481334698402,133512573.0,132942474.0,39007035392.0,none,92.31,,PASSED,MISSING_SHARES_DILUTION_PROVIDER_LIMITATION,MISSING_SHARES_DILUTION_PROVIDER_LIMITATION,,,,,5.59,5.0,5.0,1.51,1.27,4.4,5.0,10.0,8.46,47.87,WATCHLIST,🟡 Interesante con condiciones,FINAL_SCORE_WATCHLIST_RANGE,FINAL_SCORE_WATCHLIST_RANGE
AMPH,"Amphastar Pharmaceuticals, Inc. - Common Stock",NASDAQ,USA,North America,USD,Healthcare,Drug Manufacturers - Specialty & Generic,common_stock,True,870394240.0,19.74,609792.0,609792.0,yfinance_clean_market_data_500,2026-06-08,,,,,,,,,,,,,,,,12037294.079999998,VALIDATED_STAGE0,2026-06-08T08:39:46+00:00,PASSED,,,True,,2026-06-09,EQUITY,Healthcare,Drug Manufacturers - Specialty & Generic,United States,720529984.0,0.079629995,0.1430953579858239,1.9993865182436608,,0.004,0.47344002,0.109960005,197274000.0,103104496.0,686377984.0,291951008.0,394426976.0,88.749,3.853,,11.680723,6.170168,6.333,1.1865734,0.1205954609913363,44092919.0,32838642.0,854961664.0,none,92.31,,PASSED,MISSING_SHARES_DILUTION_PROVIDER_LIMITATION,MISSING_SHARES_DILUTION_PROVIDER_LIMITATION,,,,,4.04,4.0,0.9,9.85,1.51,2.56,5.0,2.33,8.46,46.75,WATCHLIST,🟡 Interesante con condiciones,FINAL_SCORE_WATCHLIST_RANGE,FINAL_SCORE_WATCHLIST_RANGE
AMAT,"Applied Materials, Inc. - Common Stock",NASDAQ,USA,North America,USD,Technology,Semiconductor Equipment & Materials,common_stock,True,359671562240.0,453.01,6816000.0,6816000.0,yfinance_clean_market_data_500,2026-06-08,,,,,,,,,,,,,,,,3087716160.0,VALIDATED_STAGE0,2026-06-08T08:39:46+00:00,PASSED,,,True,,2026-06-09,EQUITY,Technology,Semiconductor Equipment & Materials,United States,29024000000.0,0.31896,0.1047538257993384,-0.1049056832497995,,0.114,0.48956,0.29314,9274999808.0,3040375040.0,7267999744.0,8240999936.0,-973000192.0,30.399,2.508,,46.300095,30.437834,42.026,13.463445,0.0077806109640548,793959430.0,790537465.0,390763020288.0,none,92.31,,PASSED,MISSING_SHARES_DILUTION_PROVIDER_LIMITATION,MISSING_SHARES_DILUTION_PROVIDER_LIMITATION,,,,,7.04,5.0,2.73,0.91,0.92,4.31,5.0,10.0,8.46,46.51,WATCHLIST,🟡 Interesante con condiciones,FINAL_SCORE_WATCHLIST_RANGE,FINAL_SCORE_WATCHLIST_RANGE
ACIW,"ACI Worldwide, Inc. - Common Stock",NASDAQ,USA,North America,USD,Technology,Software - Infrastructure,common_stock,True,4351115264.0,42.8,747700.0,747700.0,yfinance_clean_market_data_500,2026-06-08,,,,,,,,,,,,,,,,32001560.0,VALIDATED_STAGE0,2026-06-08T08:39:46+00:00,PASSED,,,True,,2026-06-09,EQUITY,Technology,Software - Infrastructure,United States,1790966016.0,0.14772001,0.1460905710452073,1.8360332372183483,,0.079,0.49036998,0.11507,377569984.0,261643248.0,854988032.0,161756992.0,693231040.0,56.975,1.532,,21.49495,11.105023,13.295,2.4158561,0.0604715499801316,101661570.0,100314554.0,4326716416.0,none,92.31,,PASSED,MISSING_SHARES_DILUTION_PROVIDER_LIMITATION,MISSING_SHARES_DILUTION_PROVIDER_LIMITATION,,,,,4.68,3.11,2.15,7.13,1.42,3.23,5.0,6.36,8.46,45.54,WATCHLIST,🟡 Interesante con condiciones,FINAL_SCORE_WATCHLIST_RANGE,FINAL_SCORE_WATCHLIST_RANGE
CAI,"Caris Life Sciences, Inc. - Common Stock",NASDAQ,USA,North America,USD,Healthcare,Biotechnology,common_stock,True,4661404672.0,16.49,2570080.0,2570080.0,yfinance_clean_market_data_500,2026-06-08,,,,,,,,,,,,,,,,42380619.2,VALIDATED_STAGE0,2026-06-08T08:39:46+00:00,PASSED,,,True,,2026-06-09,EQUITY,Healthcare,Biotechnology,United States,907292032.0,0.024430001,0.1124877596191652,-3.043114877385041,,0.788,0.68921995,0.03746,128981000.0,102059248.0,430958016.0,823462016.0,-392504000.0,72.614,7.048,,,44.133327,32.33,5.0286636,0.0223693154534692,282680695.0,103393291.0,4562466304.0,none,92.31,,PASSED,MISSING_SHARES_DILUTION_PROVIDER_LIMITATION,MISSING_SHARES_DILUTION_PROVIDER_LIMITATION,,,,,3.87,5.0,5.0,2.87,0.87,3.13,5.0,8.46,8.46,44.76,REJECTED,🔴 Descartada por scoring,LOW_FINAL_SCORE,LOW_FINAL_SCORE
AMD,"Advanced Micro Devices, Inc. - Common Stock",NASDAQ,USA,North America,USD,Technology,Semiconductors,common_stock,True,760479481856.0,466.38,37466020.0,37466020.0,yfinance_clean_market_data_500,2026-06-08,,,,,,,,,,,,,,,,17473402407.6,VALIDATED_STAGE0,2026-06-08T08:39:46+00:00,PASSED,,,True,,2026-06-09,EQUITY,Technology,Semiconductors,United States,37454000128.0,0.14396,0.1915249359610404,-1.1407805650040497,,0.378,0.5306,0.13374,7430000128.0,7173374976.0,3871000064.0,12346999808.0,-8475999744.0,6.005,2.725,,163.98996,37.496723,106.468,21.34705,0.0089719630089469,1630600639.0,1621860620.0,799532384256.0,none,92.31,,PASSED,MISSING_SHARES_DILUTION_PROVIDER_LIMITATION,MISSING_SHARES_DILUTION_PROVIDER_LIMITATION,,,,,5.39,5.0,5.0,0.0,0.37,3.78,5.0,10.0,8.46,44.73,REJECTED,🔴 Descartada por scoring,LOW_FINAL_SCORE,LOW_FINAL_SCORE
BMRN,BioMarin Pharmaceutical Inc. - Common Stock,NASDAQ,USA,North America,USD,Healthcare,Biotechnology,common_stock,True,10972756992.0,56.77,2046165.0,2046165.0,yfinance_clean_market_data_500,2026-06-08,,,,,,,,,,,,,,,,116160787.05,VALIDATED_STAGE0,2026-06-08T08:39:46+00:00,PASSED,,,True,,2026-06-09,EQUITY,Healthcare,Biotechnology,United States,3242316032.0,0.18004999,0.1416957790251582,-1.240056484809088,,0.028,0.51155996,0.08289,631289024.0,459422496.0,1439601024.0,2222435072.0,-782834048.0,23.174,5.806,,40.683453,8.7489395,16.074,3.3711193,0.0420322639508108,193284438.0,192093806.0,10930234368.0,none,92.31,,PASSED,MISSING_SHARES_DILUTION_PROVIDER_LIMITATION,MISSING_SHARES_DILUTION_PROVIDER_LIMITATION,,,,,4.72,5.0,1.3,4.76,0.68,3.57,5.0,10.0,8.46,44.5,REJECTED,🔴 Descartada por scoring,LOW_FINAL_SCORE,LOW_FINAL_SCORE
BLLN,"BillionToOne, Inc. - Class A common stock",NASDAQ,USA,North America,USD,Healthcare,Diagnostics & Research,common_stock,True,4470301184.0,97.19,533725.0,533725.0,yfinance_clean_market_data_500,2026-06-08,,,,,,,,,,,,,,,,51872732.75,VALIDATED_STAGE0,2026-06-08T08:39:46+00:00,PASSED,,,True,,2026-06-09,EQUITY,Healthcare,Diagnostics & Research,United States,354536992.0,0.16454001,0.0471541062772936,-9.139911590396729,,0.838,0.70397,0.07017,43027000.0,16717875.0,144187008.0,537449984.0,-393262976.0,28.517,10.919,,174.87036,91.67961,91.805,12.250776,0.0038490709081024,41442834.0,27518638.0,4343353344.0,none,92.31,,PASSED,MISSING_SHARES_DILUTION_PROVIDER_LIMITATION,MISSING_SHARES_DILUTION_PROVIDER_LIMITATION,,,,,4.65,5.0,5.0,1.08,1.28,3.62,5.0,10.0,8.46,44.17,REJECTED,🔴 Descartada por scoring,LOW_FINAL_SCORE,LOW_FINAL_SCORE
BCPC,Balchem Corporation - Common Stock,NASDAQ,USA,North America,USD,Basic Materials,Specialty Chemicals,common_stock,True,5137882112.0,159.91,202768.0,202768.0,yfinance_clean_market_data_500,2026-06-08,,,,,,,,,,,,,,,,32424630.88,VALIDATED_STAGE0,2026-06-08T08:39:46+00:00,PASSED,,,True,,2026-06-09,EQUITY,Basic Materials,Specialty Chemicals,United States,1057350976.0,0.20879,0.1306443017838572,0.4281454088859284,,0.081,0.36275002,0.1495,261222000.0,138136880.0,184714000.0,72873000.0,111841000.0,14.373,2.55,,32.585217,25.972858,19.947,4.82213,0.0270926542223238,32129836.0,31945089.0,5098683904.0,none,92.31,,PASSED,MISSING_SHARES_DILUTION_PROVIDER_LIMITATION,MISSING_SHARES_DILUTION_PROVIDER_LIMITATION,,,,,4.64,4.79,2.18,4.26,0.93,2.98,5.0,6.45,8.46,43.59,REJECTED,🔴 Descartada por scoring,LOW_FINAL_SCORE,LOW_FINAL_SCORE
AMSF,"AMERISAFE, Inc. - Common Stock",NASDAQ,USA,North America,USD,Financial Services,Insurance - Specialty,common_stock,True,592909568.0,31.7,221147.0,221147.0,yfinance_clean_market_data_500,2026-06-08,,,,,,,,,,,,,,,,7010359.899999999,VALIDATED_STAGE0,2026-06-08T08:39:46+00:00,PASSED,,,True,,2026-06-09,EQUITY,Financial Services,Insurance - Specialty,United States,324780000.0,0.12684,0.0691906829238253,-1.076692937616467,,0.103,0.28035998,0.14267999,58493000.0,22471750.0,0.0,62979000.0,-62979000.0,,1.924,,12.958847,15.115225,8.986,1.8134792,0.0381535584395686,18703771.0,18321575.0,588981760.0,none,92.31,,PASSED,MISSING_SHARES_DILUTION_PROVIDER_LIMITATION,MISSING_SHARES_DILUTION_PROVIDER_LIMITATION,,,,,3.07,4.84,2.55,7.54,1.14,1.37,5.0,1.32,8.46,43.48,REJECTED,🔴 Descartada por scoring,LOW_FINAL_SCORE,LOW_FINAL_SCORE
BL,"BlackLine, Inc. - Common Stock",NASDAQ,USA,North America,USD,Technology,Software - Application,common_stock,True,1681221888.0,28.66,1262114.0,1262114.0,yfinance_clean_market_data_500,2026-06-08,,,,,,,,,,,,,,,,36172187.24,VALIDATED_STAGE0,2026-06-08T08:39:46+00:00,PASSED,,,True,,2026-06-09,EQUITY,Technology,Software - Application,United States,716651008.0,0.04329,0.1850585215391199,2.718393191033073,,0.097,0.75376,0.037100002,59686000.0,132622376.0,687321024.0,525071008.0,162250016.0,203.638,1.704,,67.14286,10.091468,30.963,2.3082893,0.0801712873904157,58660917.0,44864456.0,1654237824.0,none,92.31,,PASSED,MISSING_SHARES_DILUTION_PROVIDER_LIMITATION,MISSING_SHARES_DILUTION_PROVIDER_LIMITATION,,,,,4.66,3.02,2.45,4.34,1.55,4.04,5.0,7.21,8.46,42.78,REJECTED,🔴 Descartada por scoring,LOW_FINAL_SCORE,LOW_FINAL_SCORE
AGYS,"Agilysys, Inc. - Common Stock",NASDAQ,USA,North America,USD,Technology,Software - Application,common_stock,True,2493309696.0,88.52,348909.0,348909.0,yfinance_clean_market_data_500,2026-06-08,,,,,,,,,,,,,,,,30885424.68,VALIDATED_STAGE0,2026-06-08T08:39:46+00:00,PASSED,,,True,,2026-06-09,EQUITY,Technology,Software - Application,United States,319312000.0,0.14972,0.1534803702961367,-2.245965983427824,,0.117,0.62611,0.121479996,43567000.0,49008124.0,19044000.0,116894000.0,-97850000.0,5.828,1.472,,65.0292,27.949802,55.199,7.8586607,0.019530091937978,28166629.0,26607745.0,2509364736.0,none,92.31,,PASSED,MISSING_SHARES_DILUTION_PROVIDER_LIMITATION,MISSING_SHARES_DILUTION_PROVIDER_LIMITATION,,,,,5.49,3.9,2.78,1.69,0.61,3.99,5.0,6.14,8.46,42.68,REJECTED,🔴 Descartada por scoring,LOW_FINAL_SCORE,LOW_FINAL_SCORE
BIDU,"Baidu, Inc. - American Depositary Shares, each representing 8 ordinary share",NASDAQ,USA,North America,USD,Communication Services,Internet Content & Information,common_stock,True,41395142656.0,121.66,2332326.0,2332326.0,yfinance_clean_market_data_500,2026-06-08,,,,,,,,,,,,,,,,283750781.16,VALIDATED_STAGE0,2026-06-08T08:39:46+00:00,PASSED,,,True,,2026-06-09,EQUITY,Communication Services,Internet Content & Information,China,128701997056.0,0.09955,0.0618376167429406,-0.9647248381076292,,-0.012,0.42084998,0.01023,23586000896.0,7958624768.0,94136000512.0,116890001408.0,-22754000896.0,32.2,1.852,,,13.029243,13.77,0.31486762,0.1963924296541079,274750119.0,2126842440.0,40524091392.0,none,92.31,,PASSED,MISSING_SHARES_DILUTION_PROVIDER_LIMITATION,MISSING_SHARES_DILUTION_PROVIDER_LIMITATION,,,,,2.42,4.69,0.63,8.92,1.18,1.78,5.0,10.0,8.46,41.74,REJECTED,🔴 Descartada por scoring,LOW_FINAL_SCORE,LOW_FINAL_SCORE
ATRC,"AtriCure, Inc. - Common Stock",NASDAQ,USA,North America,USD,Healthcare,Medical Instruments & Supplies,common_stock,True,1372370304.0,27.1,749342.0,749342.0,yfinance_clean_market_data_500,2026-06-08,,,,,,,,,,,,,,,,20307168.2,VALIDATED_STAGE0,2026-06-08T08:39:46+00:00,PASSED,,,True,,2026-06-09,EQUITY,Healthcare,Medical Instruments & Supplies,United States,552156992.0,0.0037200002,0.0743635896944324,-4.013462062749958,,0.143,0.75606,-0.00832,17753000.0,41060376.0,74914000.0,146164992.0,-71250992.0,15.236,4.286,,,77.1867,72.762,2.468504,0.0301249625415001,50640970.0,48551017.0,1363001728.0,none,92.31,,PASSED,MISSING_SHARES_DILUTION_PROVIDER_LIMITATION,MISSING_SHARES_DILUTION_PROVIDER_LIMITATION,,,,,3.15,5.0,3.22,3.67,1.11,3.12,5.0,4.0,8.46,41.72,REJECTED,🔴 Descartada por scoring,LOW_FINAL_SCORE,LOW_FINAL_SCORE
AMSC,American Superconductor Corporation - Common Stock,NASDAQ,USA,North America,USD,Industrials,Specialty Industrial Machinery,common_stock,True,2019382784.0,42.34,1224407.0,1224407.0,yfinance_clean_market_data_500,2026-06-08,,,,,,,,,,,,,,,,51841392.38,VALIDATED_STAGE0,2026-06-08T08:39:46+00:00,PASSED,,,True,,2026-06-09,EQUITY,Industrials,Specialty Industrial Machinery,United States,299155008.0,0.051009998,0.021933445285997,-5.457677553301925,,0.296,0.30813,0.44729,25046000.0,6561500.0,4000000.0,140692992.0,-136692992.0,0.72,2.395,,14.209836,29.218042,77.074,6.9097195,0.0031742887240177,47694445.0,45985076.0,2067077248.0,none,92.31,,PASSED,MISSING_SHARES_DILUTION_PROVIDER_LIMITATION,MISSING_SHARES_DILUTION_PROVIDER_LIMITATION,,,,,3.59,5.0,5.0,4.02,1.43,0.48,5.0,10.0,8.46,41.67,REJECTED,🔴 Descartada por scoring,LOW_FINAL_SCORE,LOW_FINAL_SCORE
ADUS,Addus HomeCare Corporation - Common Stock,NASDAQ,USA,North America,USD,Healthcare,Medical Care Facilities,common_stock,True,1719025792.0,92.1,247895.0,247895.0,yfinance_clean_market_data_500,2026-06-08,,,,,,,,,,,,,,,,22831129.5,VALIDATED_STAGE0,2026-06-08T08:39:46+00:00,PASSED,,,True,,2026-06-09,EQUITY,Healthcare,Medical Care Facilities,United States,1448433024.0,0.0937,0.0710350442824479,0.2231722878302642,,0.077,0.32454,0.06887,159872000.0,102889504.0,138744000.0,103065000.0,35679000.0,12.43,1.826,,16.736162,12.138543,10.597,1.1689059,0.0607705431579558,18664776.0,17750804.0,1693081856.0,none,92.31,,PASSED,MISSING_SHARES_DILUTION_PROVIDER_LIMITATION,MISSING_SHARES_DILUTION_PROVIDER_LIMITATION,,,,,2.46,4.53,2.12,7.81,1.22,1.33,5.0,4.51,8.46,41.45,REJECTED,🔴 Descartada por scoring,LOW_FINAL_SCORE,LOW_FINAL_SCORE
ALGM,"Allegro MicroSystems, Inc. - Common Stock",NASDAQ,USA,North America,USD,Technology,Semiconductors,common_stock,True,8638857216.0,46.39,2166901.0,2166901.0,yfinance_clean_market_data_500,2026-06-08,,,,,,,,,,,,,,,,100522537.39,VALIDATED_STAGE0,2026-06-08T08:39:46+00:00,PASSED,,,True,,2026-06-09,EQUITY,Technology,Semiconductors,United States,890096000.0,0.10428,0.168478600061117,1.293598996500957,,0.261,0.46493,-0.01674,106029000.0,149962128.0,305912000.0,168752992.0,137159008.0,31.984,3.451,,,32.724434,85.947,10.082123,0.0167106271012747,186222406.0,124707559.0,8974057472.0,none,92.31,,PASSED,MISSING_SHARES_DILUTION_PROVIDER_LIMITATION,MISSING_SHARES_DILUTION_PROVIDER_LIMITATION,,,,,3.47,4.35,5.0,1.84,1.06,2.93,5.0,10.0,8.46,41.05,REJECTED,🔴 Descartada por scoring,LOW_FINAL_SCORE,LOW_FINAL_SCORE
BKR,Baker Hughes Company - Common Stock,NASDAQ,USA,North America,USD,Energy,Oil & Gas Equipment & Services,common_stock,True,62093578240.0,62.59,9106671.0,9106671.0,yfinance_clean_market_data_500,2026-06-08,,,,,,,,,,,,,,,,569986537.89,VALIDATED_STAGE0,2026-06-08T08:39:46+00:00,PASSED,,,True,,2026-06-09,EQUITY,Energy,Oil & Gas Equipment & Services,United States,27893000192.0,0.12282,0.1129763703548753,0.0477078628583468,,0.025,0.23643999,0.11171,4821000192.0,3151249920.0,16163999744.0,15934000128.0,229999616.0,82.935,2.132,,20.715652,23.300104,13.427,2.3061602,0.0489889489805612,992068697.0,989796860.0,64325730304.0,none,92.31,,PASSED,MISSING_SHARES_DILUTION_PROVIDER_LIMITATION,MISSING_SHARES_DILUTION_PROVIDER_LIMITATION,,,,,2.93,4.98,1.25,6.82,0.88,1.55,5.0,10.0,8.46,40.78,REJECTED,🔴 Descartada por scoring,LOW_FINAL_SCORE,LOW_FINAL_SCORE
AMZN,"Amazon.com, Inc. - Common Stock",NASDAQ,USA,North America,USD,Consumer Cyclical,Internet Retail,common_stock,True,2646571745280.0,246.03,44933614.0,44933614.0,yfinance_clean_market_data_500,2026-06-08,,,,,,,,,,,,,,,,11055017052.42,VALIDATED_STAGE0,2026-06-08T08:39:46+00:00,PASSED,,,True,,2026-06-09,EQUITY,Consumer Cyclical,Internet Retail,United States,742775980032.0,0.1314,0.0132026681417155,0.5931632502890781,,0.166,0.50604,0.12224,155860992000.0,9806624768.0,235540004864.0,143088992256.0,92451012608.0,53.3,1.177,,31.64129,24.860577,17.518,3.551351,0.0037176464770992,10757109436.0,9779826044.0,2637858340864.0,none,92.31,,PASSED,MISSING_SHARES_DILUTION_PROVIDER_LIMITATION,MISSING_SHARES_DILUTION_PROVIDER_LIMITATION,,,,,3.6,2.99,3.6,4.54,1.74,2.07,5.0,10.0,8.46,39.59,REJECTED,🔴 Descartada por scoring,LOW_FINAL_SCORE,LOW_FINAL_SCORE
BLBD,Blue Bird Corporation - Common Stock,NASDAQ,USA,North America,USD,Industrials,Farm & Heavy Construction Machinery,common_stock,True,2205134336.0,69.68,424126.0,424126.0,yfinance_clean_market_data_500,2026-06-08,,,,,,,,,,,,,,,,29553099.680000003,VALIDATED_STAGE0,2026-06-08T08:39:46+00:00,PASSED,,,True,,2026-06-09,EQUITY,Industrials,Farm & Heavy Construction Machinery,United States,1493095040.0,0.11028,0.0965273422916199,-0.9810432803249418,,-0.017,0.21045,0.08908,191542000.0,144124496.0,87982000.0,275892992.0,-187910992.0,29.531,1.835,,17.255527,12.549588,10.622,1.4885455,0.0648467491810739,31646589.0,31278539.0,2222540032.0,none,92.31,,PASSED,MISSING_SHARES_DILUTION_PROVIDER_LIMITATION,MISSING_SHARES_DILUTION_PROVIDER_LIMITATION,,,,,2.39,4.66,0.55,7.9,0.97,1.31,5.0,5.87,8.46,39.39,REJECTED,🔴 Descartada por scoring,LOW_FINAL_SCORE,LOW_FINAL_SCORE
BLFS,"BioLife Solutions, Inc. - Common Stock",NASDAQ,USA,North America,USD,Healthcare,Medical Instruments & Supplies,common_stock,True,1301561472.0,26.64,511457.0,511457.0,yfinance_clean_market_data_500,2026-06-08,,,,,,,,,,,,,,,,13625214.48,VALIDATED_STAGE0,2026-06-08T08:39:46+00:00,PASSED,,,True,,2026-06-09,EQUITY,Healthcare,Medical Instruments & Supplies,United States,101660000.0,0.00098,0.0628676470588235,-15.306410553112704,,0.247,0.63756,-0.02913,4321000.0,6391125.0,14857000.0,80996000.0,-66139000.0,3.991,7.299,,,90.00001,279.805,12.543563,0.0050119448991014,48857415.0,42844533.0,1275178624.0,none,92.31,,PASSED,MISSING_SHARES_DILUTION_PROVIDER_LIMITATION,MISSING_SHARES_DILUTION_PROVIDER_LIMITATION,,,,,2.72,5.0,4.95,1.38,1.18,2.46,5.0,2.65,8.46,38.99,REJECTED,🔴 Descartada por scoring,LOW_FINAL_SCORE,LOW_FINAL_SCORE
BELFA,Bel Fuse Inc. - Class A Common Stock,NASDAQ,USA,North America,USD,Technology,Electronic Components,common_stock,True,2952176896.0,232.04,83258.0,83258.0,yfinance_clean_market_data_500,2026-06-08,,,,,,,,,,,,,,,,19319186.32,VALIDATED_STAGE0,2026-06-08T08:39:46+00:00,PASSED,,,True,,2026-06-09,EQUITY,Technology,Electronic Components,United States,701708032.0,0.13519,0.089278584743348,1.2286319368891407,,0.172,0.39218,0.078439996,135680992.0,62647500.0,226148000.0,59446000.0,166702000.0,42.215,3.184,,59.58072,26.701942,25.127,4.4830847,0.019914543167567,2115263.0,12081737.0,3145816576.0,none,92.31,,PASSED,MISSING_SHARES_DILUTION_PROVIDER_LIMITATION,MISSING_SHARES_DILUTION_PROVIDER_LIMITATION,,,,,3.32,4.39,3.7,2.66,1.52,2.16,5.0,3.8,8.46,38.7,REJECTED,🔴 Descartada por scoring,LOW_FINAL_SCORE,LOW_FINAL_SCORE
APOG,"Apogee Enterprises, Inc. - Common Stock",NASDAQ,USA,North America,USD,Industrials,Building Products & Equipment,common_stock,True,790200640.0,37.01,255052.0,255052.0,yfinance_clean_market_data_500,2026-06-08,,,,,,,,,,,,,,,,9439474.52,VALIDATED_STAGE0,2026-06-08T08:39:46+00:00,PASSED,,,True,,2026-06-09,EQUITY,Industrials,Building Products & Equipment,United States,1404733056.0,0.09466,0.0549914986837185,1.449497856351462,,0.016,0.23811,0.03853,166072000.0,77248376.0,286383008.0,45662000.0,240721008.0,55.957,1.647,,14.666666,9.989189,6.172,0.56176734,0.0978901709257875,21351005.0,20610429.0,789133120.0,none,92.31,,PASSED,MISSING_SHARES_DILUTION_PROVIDER_LIMITATION,MISSING_SHARES_DILUTION_PROVIDER_LIMITATION,,,,,1.65,3.54,1.1,9.58,1.83,0.83,5.0,1.81,8.46,38.42,REJECTED,🔴 Descartada por scoring,LOW_FINAL_SCORE,LOW_FINAL_SCORE
BELFB,Bel Fuse Inc. - Class B Common Stock,NASDAQ,USA,North America,USD,Technology,Electronic Components,common_stock,True,3734313984.0,262.56,240826.0,240826.0,yfinance_clean_market_data_500,2026-06-08,,,,,,,,,,,,,,,,63231274.56,VALIDATED_STAGE0,2026-06-08T08:39:46+00:00,PASSED,,,True,,2026-06-09,EQUITY,Technology,Electronic Components,United States,701708032.0,0.13519,0.089278584743348,1.2286319368891407,,0.172,0.39218,0.078439996,135680992.0,62647500.0,226148000.0,59446000.0,166702000.0,42.215,3.184,,67.098564,27.906025,28.116,5.6576014,0.0157802892808247,12107444.0,12081737.0,3969984256.0,none,92.31,,PASSED,MISSING_SHARES_DILUTION_PROVIDER_LIMITATION,MISSING_SHARES_DILUTION_PROVIDER_LIMITATION,,,,,3.32,4.39,3.7,2.19,1.52,2.16,5.0,10.0,8.46,38.0,REJECTED,🔴 Descartada por scoring,LOW_FINAL_SCORE,LOW_FINAL_SCORE
AEIS,"Advanced Energy Industries, Inc. - Common Stock",NASDAQ,USA,North America,USD,Industrials,Electrical Equipment & Parts,common_stock,True,11795540992.0,294.81,782965.0,782965.0,yfinance_clean_market_data_500,2026-06-08,,,,,,,,,,,,,,,,230825911.65,VALIDATED_STAGE0,2026-06-08T08:39:46+00:00,PASSED,,,True,,2026-06-09,EQUITY,Industrials,Electrical Equipment & Parts,United States,1905200000.0,0.14325,0.025843743439009,-0.0562709694915254,,0.263,0.39004,0.099989995,295000000.0,49237500.0,683100032.0,699699968.0,-16599936.0,49.343,1.588,,63.77291,26.035782,39.407,6.4285436,0.004020155172204,40010657.0,37619926.0,12247661568.0,none,92.31,,PASSED,MISSING_SHARES_DILUTION_PROVIDER_LIMITATION,MISSING_SHARES_DILUTION_PROVIDER_LIMITATION,,,,,3.02,4.14,5.0,1.88,1.41,1.69,5.0,10.0,8.46,37.86,REJECTED,🔴 Descartada por scoring,LOW_FINAL_SCORE,LOW_FINAL_SCORE
AFRM,"Affirm Holdings, Inc. - Class A Common Stock",NASDAQ,USA,North America,USD,Financial Services,Credit Services,common_stock,True,21302896640.0,63.61,5304323.0,5304323.0,yfinance_clean_market_data_500,2026-06-08,,,,,,,,,,,,,,,,337407986.03,VALIDATED_STAGE0,2026-06-08T08:39:46+00:00,PASSED,,,True,,2026-06-09,EQUITY,Financial Services,Credit Services,United States,3971538944.0,0.08513,0.0758107575540369,11.59313805714955,,0.326,0.48369,0.09629,631558976.0,301085376.0,9090749440.0,1768999040.0,7321750400.0,240.279,13.542,,59.50909,17.331581,46.305,5.5198903,0.0137341056083306,294357801.0,281254513.0,21922459648.0,none,92.31,,PASSED,MISSING_SHARES_DILUTION_PROVIDER_LIMITATION,MISSING_SHARES_DILUTION_PROVIDER_LIMITATION,,,,,3.46,2.5,5.0,2.01,3.6,2.09,5.0,10.0,8.46,35.98,REJECTED,🔴 Descartada por scoring,LOW_FINAL_SCORE,LOW_FINAL_SCORE
ASO,"Academy Sports and Outdoors, Inc. - Common Stock",NASDAQ,USA,North America,USD,Consumer Cyclical,Specialty Retail,common_stock,True,3338296064.0,51.75,1467341.0,1467341.0,yfinance_clean_market_data_500,2026-06-08,,,,,,,,,,,,,,,,75934896.75,VALIDATED_STAGE0,2026-06-08T08:39:46+00:00,PASSED,,,True,,2026-06-09,EQUITY,Consumer Cyclical,Specialty Retail,United States,6053413888.0,0.090050004,0.0094775029531236,2.520989242856173,,0.025,0.34784,0.06224,619649984.0,57371248.0,1892450944.0,330320000.0,1562130944.0,87.154,1.893,,9.3267145,7.489491,7.89,0.55062073,0.0172123966786635,64508134.0,63406762.0,3333135360.0,none,92.31,,PASSED,MISSING_SHARES_DILUTION_PROVIDER_LIMITATION,MISSING_SHARES_DILUTION_PROVIDER_LIMITATION,,,,,1.98,3.52,1.25,7.3,2.56,0.9,5.0,10.0,8.46,35.59,REJECTED,🔴 Descartada por scoring,LOW_FINAL_SCORE,LOW_FINAL_SCORE
ADTN,"ADTRAN Holdings, Inc. - Common Stock",NASDAQ,USA,North America,USD,Technology,Communication Equipment,common_stock,True,1243320832.0,15.35,2496573.0,2496573.0,yfinance_clean_market_data_500,2026-06-08,,,,,,,,,,,,,,,,38322395.55,VALIDATED_STAGE0,2026-06-08T08:39:46+00:00,PASSED,,,True,,2026-06-09,EQUITY,Technology,Communication Equipment,United States,1122148992.0,0.02276,0.0409682674295001,1.6991497622647298,,0.155,0.38566002,-0.03182,91278000.0,45972500.0,243364992.0,88270000.0,155094992.0,48.044,1.766,,,21.078949,19.913,1.1563433,0.0354291552592583,80998100.0,78960759.0,1297589504.0,none,92.31,,PASSED,MISSING_SHARES_DILUTION_PROVIDER_LIMITATION,MISSING_SHARES_DILUTION_PROVIDER_LIMITATION,,,,,1.43,3.66,3.42,5.38,2.02,1.02,5.0,7.64,8.46,35.53,REJECTED,🔴 Descartada por scoring,LOW_FINAL_SCORE,LOW_FINAL_SCORE
ALHC,"Alignment Healthcare, Inc. - Common Stock",NASDAQ,USA,North America,USD,Healthcare,Healthcare Plans,common_stock,True,3177498880.0,15.37,4714247.0,4714247.0,yfinance_clean_market_data_500,2026-06-08,,,,,,,,,,,,,,,,72457976.39,VALIDATED_STAGE0,2026-06-08T08:39:46+00:00,PASSED,,,True,,2026-06-09,EQUITY,Healthcare,Healthcare Plans,United States,4256984064.0,0.01293,0.0551059126539403,-5.897342301053508,,0.333,0.1238,0.00465,67204000.0,234584992.0,329966016.0,726291008.0,-396324992.0,159.492,1.58,,153.5,21.245674,41.323,0.74544895,0.0739231224155881,206733823.0,186093518.0,3173364224.0,none,92.31,,PASSED,MISSING_SHARES_DILUTION_PROVIDER_LIMITATION,MISSING_SHARES_DILUTION_PROVIDER_LIMITATION,,,,,0.59,4.12,5.0,4.19,1.23,0.46,5.0,10.0,8.46,34.68,REJECTED,🔴 Descartada por scoring,LOW_FINAL_SCORE,LOW_FINAL_SCORE
ACLS,"Axcelis Technologies, Inc. - Common Stock",NASDAQ,USA,North America,USD,Technology,Semiconductor Equipment & Materials,common_stock,True,4522800128.0,147.16,683120.0,683120.0,yfinance_clean_market_data_500,2026-06-08,,,,,,,,,,,,,,,,100527939.2,VALIDATED_STAGE0,2026-06-08T08:39:46+00:00,PASSED,,,True,,2026-06-09,EQUITY,Technology,Semiconductor Equipment & Materials,United States,845441024.0,0.03996,0.0580887638591807,-2.737928356111183,,0.033,0.43605998,0.11931,108146000.0,49110624.0,70504000.0,366600000.0,-296096000.0,6.749,4.589,,48.06211,33.382225,41.243,5.625913,0.0103252155590001,30733897.0,30552567.0,4756377600.0,none,92.31,,PASSED,MISSING_SHARES_DILUTION_PROVIDER_LIMITATION,MISSING_SHARES_DILUTION_PROVIDER_LIMITATION,,,,,2.94,5.0,1.38,2.0,1.21,1.41,5.0,10.0,8.46,33.42,REJECTED,🔴 Descartada por scoring,LOW_FINAL_SCORE,LOW_FINAL_SCORE
ASTE,"Astec Industries, Inc. - Common Stock",NASDAQ,USA,North America,USD,Industrials,Farm & Heavy Construction Machinery,common_stock,True,1154919808.0,50.23,222665.0,222665.0,yfinance_clean_market_data_500,2026-06-08,,,,,,,,,,,,,,,,11184462.95,VALIDATED_STAGE0,2026-06-08T08:39:46+00:00,PASSED,,,True,,2026-06-09,EQUITY,Industrials,Farm & Heavy Construction Machinery,United States,1477299968.0,0.03684,0.0018445813707619,2.449612403100775,,0.203,0.26379,0.01746,129000000.0,2725000.0,392900000.0,76900000.0,316000000.0,57.941,2.344,,45.857143,12.199525,11.604,0.79936475,0.0023075590900424,22992630.0,22584741.0,1180901504.0,none,92.31,,PASSED,MISSING_SHARES_DILUTION_PROVIDER_LIMITATION,MISSING_SHARES_DILUTION_PROVIDER_LIMITATION,,,,,0.74,3.78,4.22,4.42,2.58,0.08,5.0,2.16,8.46,32.4,REJECTED,🔴 Descartada por scoring,LOW_FINAL_SCORE,LOW_FINAL_SCORE
ALNT,Allient Inc. - Common Stock,NASDAQ,USA,North America,USD,Technology,Electronic Components,common_stock,True,1442323968.0,84.86,222103.0,222103.0,yfinance_clean_market_data_500,2026-06-08,,,,,,,,,,,,,,,,18847660.58,VALIDATED_STAGE0,2026-06-08T08:39:46+00:00,PASSED,,,True,,2026-06-09,EQUITY,Technology,Electronic Components,United States,560590016.0,0.0733,0.0765481417350108,2.133936614527885,,0.046,0.32882,0.042519998,73266000.0,42912124.0,198068000.0,41723000.0,156345000.0,64.744,3.728,,60.96504,28.154459,22.358,2.6432078,0.0289603192294754,16996512.0,14317522.0,1481755904.0,none,92.31,,PASSED,MISSING_SHARES_DILUTION_PROVIDER_LIMITATION,MISSING_SHARES_DILUTION_PROVIDER_LIMITATION,,,,,2.16,3.93,1.6,3.49,1.98,1.23,5.0,3.71,8.46,32.16,REJECTED,🔴 Descartada por scoring,LOW_FINAL_SCORE,LOW_FINAL_SCORE
ARCB,ArcBest Corporation - Common Stock,NASDAQ,USA,North America,USD,Industrials,Trucking,common_stock,True,3452889600.0,155.09,313980.0,313980.0,yfinance_clean_market_data_500,2026-06-08,,,,,,,,,,,,,,,,48695158.2,VALIDATED_STAGE0,2026-06-08T08:39:46+00:00,PASSED,,,True,,2026-06-09,EQUITY,Industrials,Trucking,United States,4041867008.0,0.00358,0.0272748647547781,1.462082377892735,,0.033,0.077259995,0.013839999,255554000.0,110241376.0,460088000.0,86447000.0,373641000.0,35.762,0.929,,68.12295,20.099688,15.943,0.91558814,0.0297894468401374,22263780.0,21858134.0,3700685568.0,none,92.31,,PASSED,MISSING_SHARES_DILUTION_PROVIDER_LIMITATION,MISSING_SHARES_DILUTION_PROVIDER_LIMITATION,,,,,0.37,2.04,1.38,4.27,2.01,0.23,5.0,9.74,8.46,25.08,REJECTED,🔴 Descartada por scoring,LOW_FINAL_SCORE,LOW_FINAL_SCORE
