ticker,name,exchange,country,region,currency,sector,industry,asset_type,is_active,market_cap,price,avg_volume_30d,avg_volume_90d,data_source,last_updated,isin,figi,cusip,ipo_date,shares_outstanding,free_float,primary_listing,adr_flag,otc_flag,etf_flag,fund_flag,preferred_flag,warrant_flag,spac_flag,duplicate_group,dollar_volume_90d,universe_validation_status,universe_validation_date,stage1_status,stage1_primary_reason,stage1_all_reasons
ABAT,American Battery Technology Company - Common Stock,NASDAQ,USA,North America,USD,Industrials,Waste Management,common_stock,True,424248832.0,3.11,4566960.0,4566960.0,yfinance_clean_market_data_500,2026-06-08,,,,,,,,,,,,,,,,14203245.6,VALIDATED_STAGE0,2026-06-08T08:39:46+00:00,WATCHLIST,MARKET_CAP_WATCHLIST_RANGE,MARKET_CAP_WATCHLIST_RANGE|PRICE_WEAK_WATCHLIST_RANGE
ABEO,Abeona Therapeutics Inc. - Common Stock,NASDAQ,USA,North America,USD,Healthcare,Biotechnology,common_stock,True,311193504.0,5.46,1228557.0,1228557.0,yfinance_clean_market_data_500,2026-06-08,,,,,,,,,,,,,,,,6707921.22,VALIDATED_STAGE0,2026-06-08T08:39:46+00:00,WATCHLIST,MARKET_CAP_WATCHLIST_RANGE,MARKET_CAP_WATCHLIST_RANGE
ABOS,"Acumen Pharmaceuticals, Inc. - Common Stock",NASDAQ,USA,North America,USD,Healthcare,Biotechnology,common_stock,True,155289312.0,2.15,536973.0,536973.0,yfinance_clean_market_data_500,2026-06-08,,,,,,,,,,,,,,,,1154491.95,VALIDATED_STAGE0,2026-06-08T08:39:46+00:00,WATCHLIST,MARKET_CAP_WATCHLIST_RANGE,MARKET_CAP_WATCHLIST_RANGE|PRICE_STRONG_WATCHLIST_RANGE|DOLLAR_VOLUME_WATCHLIST_RANGE
ACB,Aurora Cannabis Inc. - Common Shares,NASDAQ,USA,North America,USD,Healthcare,Drug Manufacturers - Specialty & Generic,common_stock,True,199847936.0,3.38,918669.0,918669.0,yfinance_clean_market_data_500,2026-06-08,,,,,,,,,,,,,,,,3105101.22,VALIDATED_STAGE0,2026-06-08T08:39:46+00:00,WATCHLIST,MARKET_CAP_WATCHLIST_RANGE,MARKET_CAP_WATCHLIST_RANGE|PRICE_WEAK_WATCHLIST_RANGE|DOLLAR_VOLUME_WATCHLIST_RANGE
ACIC,American Coastal Insurance Corporation - Common Stock,NASDAQ,USA,North America,USD,Financial Services,Insurance - Property & Casualty,common_stock,True,498210400.0,10.28,217355.0,217355.0,yfinance_clean_market_data_500,2026-06-08,,,,,,,,,,,,,,,,2234409.4,VALIDATED_STAGE0,2026-06-08T08:39:46+00:00,WATCHLIST,MARKET_CAP_WATCHLIST_RANGE,MARKET_CAP_WATCHLIST_RANGE|DOLLAR_VOLUME_WATCHLIST_RANGE
ACNB,ACNB Corporation - Common Stock,NASDAQ,USA,North America,USD,Financial Services,Banks - Regional,common_stock,True,560436992.0,54.88,62722.0,62722.0,yfinance_clean_market_data_500,2026-06-08,,,,,,,,,,,,,,,,3442183.3600000003,VALIDATED_STAGE0,2026-06-08T08:39:46+00:00,WATCHLIST,DOLLAR_VOLUME_WATCHLIST_RANGE,DOLLAR_VOLUME_WATCHLIST_RANGE
ACTG,Acacia Research Corporation - Common Stock,NASDAQ,USA,North America,USD,Industrials,Business Equipment & Supplies,common_stock,True,446241792.0,4.62,319533.0,319533.0,yfinance_clean_market_data_500,2026-06-08,,,,,,,,,,,,,,,,1476242.46,VALIDATED_STAGE0,2026-06-08T08:39:46+00:00,WATCHLIST,MARKET_CAP_WATCHLIST_RANGE,MARKET_CAP_WATCHLIST_RANGE|PRICE_WEAK_WATCHLIST_RANGE|DOLLAR_VOLUME_WATCHLIST_RANGE
ADUR,Aduro Clean Technologies Inc. - Common Stock,NASDAQ,USA,North America,USD,Industrials,Pollution & Treatment Controls,common_stock,True,472856832.0,14.02,336734.0,336734.0,yfinance_clean_market_data_500,2026-06-08,,,,,,,,,,,,,,,,4721010.68,VALIDATED_STAGE0,2026-06-08T08:39:46+00:00,WATCHLIST,MARKET_CAP_WATCHLIST_RANGE,MARKET_CAP_WATCHLIST_RANGE|DOLLAR_VOLUME_WATCHLIST_RANGE
ADV,Advantage Solutions Inc.  - Class A Common Stock,NASDAQ,USA,North America,USD,Communication Services,Advertising Agencies,common_stock,True,515192096.0,38.75,82821.0,82821.0,yfinance_clean_market_data_500,2026-06-08,,,,,,,,,,,,,,,,3209313.75,VALIDATED_STAGE0,2026-06-08T08:39:46+00:00,WATCHLIST,DOLLAR_VOLUME_WATCHLIST_RANGE,DOLLAR_VOLUME_WATCHLIST_RANGE
AEBI,Aebi Schmidt Holding AG - Common Stock,NASDAQ,USA,North America,USD,Industrials,Farm & Heavy Construction Machinery,common_stock,True,892095552.0,11.51,344066.0,344066.0,yfinance_clean_market_data_500,2026-06-08,,,,,,,,,,,,,,,,3960199.66,VALIDATED_STAGE0,2026-06-08T08:39:46+00:00,WATCHLIST,DOLLAR_VOLUME_WATCHLIST_RANGE,DOLLAR_VOLUME_WATCHLIST_RANGE
AFYA,Afya Limited - Class A Common Shares,NASDAQ,USA,North America,USD,Consumer Defensive,Education & Training Services,common_stock,True,1320575872.0,14.44,95315.0,95315.0,yfinance_clean_market_data_500,2026-06-08,,,,,,,,,,,,,,,,1376348.6,VALIDATED_STAGE0,2026-06-08T08:39:46+00:00,WATCHLIST,DOLLAR_VOLUME_WATCHLIST_RANGE,DOLLAR_VOLUME_WATCHLIST_RANGE
AGCC,Agencia Comercial Spirits Ltd - Class A Ordinary Share,NASDAQ,USA,North America,USD,Consumer Defensive,Beverages - Wineries & Distilleries,common_stock,True,343392544.0,15.07,152784.0,152784.0,yfinance_clean_market_data_500,2026-06-08,,,,,,,,,,,,,,,,2302454.88,VALIDATED_STAGE0,2026-06-08T08:39:46+00:00,WATCHLIST,MARKET_CAP_WATCHLIST_RANGE,MARKET_CAP_WATCHLIST_RANGE|DOLLAR_VOLUME_WATCHLIST_RANGE
AGMB,AgomAb Therapeutics NV - ADRs representing one common share.,NASDAQ,USA,North America,USD,Healthcare,Biotechnology,common_stock,True,488539936.0,9.92,135366.0,135366.0,yfinance_clean_market_data_500,2026-06-08,,,,,,,,,,,,,,,,1342830.72,VALIDATED_STAGE0,2026-06-08T08:39:46+00:00,WATCHLIST,MARKET_CAP_WATCHLIST_RANGE,MARKET_CAP_WATCHLIST_RANGE|DOLLAR_VOLUME_WATCHLIST_RANGE
AIAI,AIAI Holdings Corporation - Class A common stock,NASDAQ,USA,North America,USD,Industrials,Conglomerates,common_stock,True,824080000.0,11.72,335342.0,335342.0,yfinance_clean_market_data_500,2026-06-08,,,,,,,,,,,,,,,,3930208.24,VALIDATED_STAGE0,2026-06-08T08:39:46+00:00,WATCHLIST,DOLLAR_VOLUME_WATCHLIST_RANGE,DOLLAR_VOLUME_WATCHLIST_RANGE
AIIR,Air Global PLC - Ordinary shares,NASDAQ,USA,North America,USD,Consumer Defensive,Tobacco,common_stock,True,1108271488.0,6.91,194957.0,194957.0,yfinance_clean_market_data_500,2026-06-08,,,,,,,,,,,,,,,,1347152.87,VALIDATED_STAGE0,2026-06-08T08:39:46+00:00,WATCHLIST,DOLLAR_VOLUME_WATCHLIST_RANGE,DOLLAR_VOLUME_WATCHLIST_RANGE
AIRJ,AirJoule Technologies Corporation - Class A Common Stock,NASDAQ,USA,North America,USD,Industrials,Building Products & Equipment,common_stock,True,351279328.0,4.87,725944.0,725944.0,yfinance_clean_market_data_500,2026-06-08,,,,,,,,,,,,,,,,3535347.2800000003,VALIDATED_STAGE0,2026-06-08T08:39:46+00:00,WATCHLIST,MARKET_CAP_WATCHLIST_RANGE,MARKET_CAP_WATCHLIST_RANGE|PRICE_WEAK_WATCHLIST_RANGE|DOLLAR_VOLUME_WATCHLIST_RANGE
AIRO,"AIRO Group Holdings, Inc. - Common Stock",NASDAQ,USA,North America,USD,Industrials,Aerospace & Defense,common_stock,True,260684384.0,8.29,632009.0,632009.0,yfinance_clean_market_data_500,2026-06-08,,,,,,,,,,,,,,,,5239354.609999999,VALIDATED_STAGE0,2026-06-08T08:39:46+00:00,WATCHLIST,MARKET_CAP_WATCHLIST_RANGE,MARKET_CAP_WATCHLIST_RANGE
AIRS,"AirSculpt Technologies, Inc. - Common Stock",NASDAQ,USA,North America,USD,Healthcare,Medical Care Facilities,common_stock,True,360488448.0,5.11,2794733.0,2794733.0,yfinance_clean_market_data_500,2026-06-08,,,,,,,,,,,,,,,,14281085.63,VALIDATED_STAGE0,2026-06-08T08:39:46+00:00,WATCHLIST,MARKET_CAP_WATCHLIST_RANGE,MARKET_CAP_WATCHLIST_RANGE
ALCO,"Alico, Inc. - Common Stock",NASDAQ,USA,North America,USD,Consumer Defensive,Farm Products,common_stock,True,303846912.0,40.97,27358.0,27358.0,yfinance_clean_market_data_500,2026-06-08,,,,,,,,,,,,,,,,1120857.26,VALIDATED_STAGE0,2026-06-08T08:39:46+00:00,WATCHLIST,MARKET_CAP_WATCHLIST_RANGE,MARKET_CAP_WATCHLIST_RANGE|DOLLAR_VOLUME_WATCHLIST_RANGE
ALEC,"Alector, Inc. - Common Stock",NASDAQ,USA,North America,USD,Healthcare,Biotechnology,common_stock,True,181526176.0,1.635,701312.0,701312.0,yfinance_clean_market_data_500,2026-06-08,,,,,,,,,,,,,,,,1146645.12,VALIDATED_STAGE0,2026-06-08T08:39:46+00:00,WATCHLIST,MARKET_CAP_WATCHLIST_RANGE,MARKET_CAP_WATCHLIST_RANGE|PRICE_STRONG_WATCHLIST_RANGE|DOLLAR_VOLUME_WATCHLIST_RANGE
ALLO,"Allogene Therapeutics, Inc. - Common Stock",NASDAQ,USA,North America,USD,Healthcare,Biotechnology,common_stock,True,648890560.0,1.88,9779777.0,9779777.0,yfinance_clean_market_data_500,2026-06-08,,,,,,,,,,,,,,,,18385980.76,VALIDATED_STAGE0,2026-06-08T08:39:46+00:00,WATCHLIST,PRICE_STRONG_WATCHLIST_RANGE,PRICE_STRONG_WATCHLIST_RANGE
ALLT,Allot Ltd. - Ordinary Shares,NASDAQ,USA,North America,USD,Technology,Software - Infrastructure,common_stock,True,361786336.0,7.395,412890.0,412890.0,yfinance_clean_market_data_500,2026-06-08,,,,,,,,,,,,,,,,3053321.55,VALIDATED_STAGE0,2026-06-08T08:39:46+00:00,WATCHLIST,MARKET_CAP_WATCHLIST_RANGE,MARKET_CAP_WATCHLIST_RANGE|DOLLAR_VOLUME_WATCHLIST_RANGE
ALMU,"Aeluma, Inc. - Common Stock",NASDAQ,USA,North America,USD,Technology,Semiconductors,common_stock,True,413517536.0,22.59,1597250.0,1597250.0,yfinance_clean_market_data_500,2026-06-08,,,,,,,,,,,,,,,,36081877.5,VALIDATED_STAGE0,2026-06-08T08:39:46+00:00,WATCHLIST,MARKET_CAP_WATCHLIST_RANGE,MARKET_CAP_WATCHLIST_RANGE
ALRS,Alerus Financial Corporation - Common Stock,NASDAQ,USA,North America,USD,Financial Services,Banks - Regional,common_stock,True,727474304.0,28.95,156214.0,156214.0,yfinance_clean_market_data_500,2026-06-08,,,,,,,,,,,,,,,,4522395.3,VALIDATED_STAGE0,2026-06-08T08:39:46+00:00,WATCHLIST,DOLLAR_VOLUME_WATCHLIST_RANGE,DOLLAR_VOLUME_WATCHLIST_RANGE
ALT,"Altimmune, Inc. - Common Stock",NASDAQ,USA,North America,USD,Healthcare,Biotechnology,common_stock,True,527024992.0,2.71,3962088.0,3962088.0,yfinance_clean_market_data_500,2026-06-08,,,,,,,,,,,,,,,,10737258.48,VALIDATED_STAGE0,2026-06-08T08:39:46+00:00,WATCHLIST,PRICE_STRONG_WATCHLIST_RANGE,PRICE_STRONG_WATCHLIST_RANGE
ALTO,"Alto Ingredients, Inc. - Common Stock",NASDAQ,USA,North America,USD,Basic Materials,Specialty Chemicals,common_stock,True,420749216.0,5.43,2306626.0,2306626.0,yfinance_clean_market_data_500,2026-06-08,,,,,,,,,,,,,,,,12524979.18,VALIDATED_STAGE0,2026-06-08T08:39:46+00:00,WATCHLIST,MARKET_CAP_WATCHLIST_RANGE,MARKET_CAP_WATCHLIST_RANGE
ALVO,Alvotech - Ordinary Shares,NASDAQ,USA,North America,USD,Healthcare,Drug Manufacturers - Specialty & Generic,common_stock,True,1104650880.0,3.54,506701.0,506701.0,yfinance_clean_market_data_500,2026-06-08,,,,,,,,,,,,,,,,1793721.54,VALIDATED_STAGE0,2026-06-08T08:39:46+00:00,WATCHLIST,PRICE_WEAK_WATCHLIST_RANGE,PRICE_WEAK_WATCHLIST_RANGE|DOLLAR_VOLUME_WATCHLIST_RANGE
ALXO,ALX Oncology Holdings Inc. - Common Stock,NASDAQ,USA,North America,USD,Healthcare,Biotechnology,common_stock,True,207226880.0,1.54,963130.0,963130.0,yfinance_clean_market_data_500,2026-06-08,,,,,,,,,,,,,,,,1483220.2,VALIDATED_STAGE0,2026-06-08T08:39:46+00:00,WATCHLIST,MARKET_CAP_WATCHLIST_RANGE,MARKET_CAP_WATCHLIST_RANGE|PRICE_STRONG_WATCHLIST_RANGE|DOLLAR_VOLUME_WATCHLIST_RANGE
AMCX,AMC Global Media Inc. - Class A Common Stock,NASDAQ,USA,North America,USD,Communication Services,Entertainment,common_stock,True,430491584.0,9.8,463455.0,463455.0,yfinance_clean_market_data_500,2026-06-08,,,,,,,,,,,,,,,,4541859.0,VALIDATED_STAGE0,2026-06-08T08:39:46+00:00,WATCHLIST,MARKET_CAP_WATCHLIST_RANGE,MARKET_CAP_WATCHLIST_RANGE|DOLLAR_VOLUME_WATCHLIST_RANGE
AMTX,"Aemetis, Inc - Common Stock",NASDAQ,USA,North America,USD,Basic Materials,Specialty Chemicals,common_stock,True,158324576.0,2.25,1819412.0,1819412.0,yfinance_clean_market_data_500,2026-06-08,,,,,,,,,,,,,,,,4093677.0,VALIDATED_STAGE0,2026-06-08T08:39:46+00:00,WATCHLIST,MARKET_CAP_WATCHLIST_RANGE,MARKET_CAP_WATCHLIST_RANGE|PRICE_STRONG_WATCHLIST_RANGE|DOLLAR_VOLUME_WATCHLIST_RANGE
ANGI,Angi Inc. - Class A Common Stock,NASDAQ,USA,North America,USD,Communication Services,Internet Content & Information,common_stock,True,239452256.0,5.92,1373333.0,1373333.0,yfinance_clean_market_data_500,2026-06-08,,,,,,,,,,,,,,,,8130131.36,VALIDATED_STAGE0,2026-06-08T08:39:46+00:00,WATCHLIST,MARKET_CAP_WATCHLIST_RANGE,MARKET_CAP_WATCHLIST_RANGE
ANGO,"AngioDynamics, Inc. - Common Stock",NASDAQ,USA,North America,USD,Healthcare,Medical Instruments & Supplies,common_stock,True,493347840.0,11.94,393009.0,393009.0,yfinance_clean_market_data_500,2026-06-08,,,,,,,,,,,,,,,,4692527.46,VALIDATED_STAGE0,2026-06-08T08:39:46+00:00,WATCHLIST,MARKET_CAP_WATCHLIST_RANGE,MARKET_CAP_WATCHLIST_RANGE|DOLLAR_VOLUME_WATCHLIST_RANGE
ANIK,Anika Therapeutics Inc. - Common Stock,NASDAQ,USA,North America,USD,Healthcare,Drug Manufacturers - Specialty & Generic,common_stock,True,192665424.0,14.48,114407.0,114407.0,yfinance_clean_market_data_500,2026-06-08,,,,,,,,,,,,,,,,1656613.36,VALIDATED_STAGE0,2026-06-08T08:39:46+00:00,WATCHLIST,MARKET_CAP_WATCHLIST_RANGE,MARKET_CAP_WATCHLIST_RANGE|DOLLAR_VOLUME_WATCHLIST_RANGE
ANL,Adlai Nortye Ltd. - American Depositary Shares,NASDAQ,USA,North America,USD,Healthcare,Biotechnology,common_stock,True,640759424.0,9.95,357958.0,357958.0,yfinance_clean_market_data_500,2026-06-08,,,,,,,,,,,,,,,,3561682.1,VALIDATED_STAGE0,2026-06-08T08:39:46+00:00,WATCHLIST,DOLLAR_VOLUME_WATCHLIST_RANGE,DOLLAR_VOLUME_WATCHLIST_RANGE
APC,ARKO Petroleum Corp. - Class A Common Stock,NASDAQ,USA,North America,USD,Energy,Oil & Gas Refining & Marketing,common_stock,True,1626633472.0,19.7,160358.0,160358.0,yfinance_clean_market_data_500,2026-06-08,,,,,,,,,,,,,,,,3159052.6,VALIDATED_STAGE0,2026-06-08T08:39:46+00:00,WATCHLIST,DOLLAR_VOLUME_WATCHLIST_RANGE,DOLLAR_VOLUME_WATCHLIST_RANGE
API,"Agora, Inc. - ADS",NASDAQ,USA,North America,USD,Technology,Software - Application,common_stock,True,406684448.0,4.81,430707.0,430707.0,yfinance_clean_market_data_500,2026-06-08,,,,,,,,,,,,,,,,2071700.67,VALIDATED_STAGE0,2026-06-08T08:39:46+00:00,WATCHLIST,MARKET_CAP_WATCHLIST_RANGE,MARKET_CAP_WATCHLIST_RANGE|PRICE_WEAK_WATCHLIST_RANGE|DOLLAR_VOLUME_WATCHLIST_RANGE
AQST,"Aquestive Therapeutics, Inc. - Common Stock",NASDAQ,USA,North America,USD,Healthcare,Drug Manufacturers - Specialty & Generic,common_stock,True,493018976.0,3.93,1623128.0,1623128.0,yfinance_clean_market_data_500,2026-06-08,,,,,,,,,,,,,,,,6378893.04,VALIDATED_STAGE0,2026-06-08T08:39:46+00:00,WATCHLIST,MARKET_CAP_WATCHLIST_RANGE,MARKET_CAP_WATCHLIST_RANGE|PRICE_WEAK_WATCHLIST_RANGE
ARCL,ARC Group Acquisition I Corp - Class A Ordinary Shares,NASDAQ,USA,North America,USD,Financial Services,Shell Companies,common_stock,True,177357376.0,9.89,112805.0,112805.0,yfinance_clean_market_data_500,2026-06-08,,,,,,,,,,,,,,,,1115641.45,VALIDATED_STAGE0,2026-06-08T08:39:46+00:00,WATCHLIST,MARKET_CAP_WATCHLIST_RANGE,MARKET_CAP_WATCHLIST_RANGE|DOLLAR_VOLUME_WATCHLIST_RANGE
ARCT,Arcturus Therapeutics Holdings Inc. - Common Stock,NASDAQ,USA,North America,USD,Healthcare,Biotechnology,common_stock,True,207488400.0,7.3,462690.0,462690.0,yfinance_clean_market_data_500,2026-06-08,,,,,,,,,,,,,,,,3377637.0,VALIDATED_STAGE0,2026-06-08T08:39:46+00:00,WATCHLIST,MARKET_CAP_WATCHLIST_RANGE,MARKET_CAP_WATCHLIST_RANGE|DOLLAR_VOLUME_WATCHLIST_RANGE
AREC,American Resources Corporation - Class A Common Stock,NASDAQ,USA,North America,USD,Basic Materials,Coking Coal,common_stock,True,225709376.0,2.11,2901160.0,2901160.0,yfinance_clean_market_data_500,2026-06-08,,,,,,,,,,,,,,,,6121447.6,VALIDATED_STAGE0,2026-06-08T08:39:46+00:00,WATCHLIST,MARKET_CAP_WATCHLIST_RANGE,MARKET_CAP_WATCHLIST_RANGE|PRICE_STRONG_WATCHLIST_RANGE
AROW,Arrow Financial Corporation - Common Stock,NASDAQ,USA,North America,USD,Financial Services,Banks - Regional,common_stock,True,619177024.0,37.46,87287.0,87287.0,yfinance_clean_market_data_500,2026-06-08,,,,,,,,,,,,,,,,3269771.02,VALIDATED_STAGE0,2026-06-08T08:39:46+00:00,WATCHLIST,DOLLAR_VOLUME_WATCHLIST_RANGE,DOLLAR_VOLUME_WATCHLIST_RANGE
ARQQ,Arqit Quantum Inc. - Ordinary Shares,NASDAQ,USA,North America,USD,Technology,Software - Infrastructure,common_stock,True,211265280.0,12.14,423331.0,423331.0,yfinance_clean_market_data_500,2026-06-08,,,,,,,,,,,,,,,,5139238.34,VALIDATED_STAGE0,2026-06-08T08:39:46+00:00,WATCHLIST,MARKET_CAP_WATCHLIST_RANGE,MARKET_CAP_WATCHLIST_RANGE
ARTNA,Artesian Resources Corporation - Class A Non-Voting Common Stock,NASDAQ,USA,North America,USD,Utilities,Utilities - Regulated Water,common_stock,True,340293472.0,32.96,70815.0,70815.0,yfinance_clean_market_data_500,2026-06-08,,,,,,,,,,,,,,,,2334062.4,VALIDATED_STAGE0,2026-06-08T08:39:46+00:00,WATCHLIST,MARKET_CAP_WATCHLIST_RANGE,MARKET_CAP_WATCHLIST_RANGE|DOLLAR_VOLUME_WATCHLIST_RANGE
ARTV,"Artiva Biotherapeutics, Inc. - Common Stock",NASDAQ,USA,North America,USD,Healthcare,Biotechnology,common_stock,True,332829152.0,6.85,413606.0,413606.0,yfinance_clean_market_data_500,2026-06-08,,,,,,,,,,,,,,,,2833201.1,VALIDATED_STAGE0,2026-06-08T08:39:46+00:00,WATCHLIST,MARKET_CAP_WATCHLIST_RANGE,MARKET_CAP_WATCHLIST_RANGE|DOLLAR_VOLUME_WATCHLIST_RANGE
ARVN,"Arvinas, Inc. - Common Stock",NASDAQ,USA,North America,USD,Healthcare,Biotechnology,common_stock,True,478747296.0,7.42,889377.0,889377.0,yfinance_clean_market_data_500,2026-06-08,,,,,,,,,,,,,,,,6599177.34,VALIDATED_STAGE0,2026-06-08T08:39:46+00:00,WATCHLIST,MARKET_CAP_WATCHLIST_RANGE,MARKET_CAP_WATCHLIST_RANGE
ASLE,AerSale Corporation - Common Stock,NASDAQ,USA,North America,USD,Industrials,Airports & Air Services,common_stock,True,301000512.0,6.37,323726.0,323726.0,yfinance_clean_market_data_500,2026-06-08,,,,,,,,,,,,,,,,2062134.62,VALIDATED_STAGE0,2026-06-08T08:39:46+00:00,WATCHLIST,MARKET_CAP_WATCHLIST_RANGE,MARKET_CAP_WATCHLIST_RANGE|DOLLAR_VOLUME_WATCHLIST_RANGE
ASMB,"Assembly Biosciences, Inc. - Common Stock",NASDAQ,USA,North America,USD,Healthcare,Biotechnology,common_stock,True,453815008.0,22.9,128712.0,128712.0,yfinance_clean_market_data_500,2026-06-08,,,,,,,,,,,,,,,,2947504.8,VALIDATED_STAGE0,2026-06-08T08:39:46+00:00,WATCHLIST,MARKET_CAP_WATCHLIST_RANGE,MARKET_CAP_WATCHLIST_RANGE|DOLLAR_VOLUME_WATCHLIST_RANGE
ASRT,"Assertio Holdings, Inc. - Common Stock",NASDAQ,USA,North America,USD,Healthcare,Drug Manufacturers - Specialty & Generic,common_stock,True,151473504.0,23.44,293739.0,293739.0,yfinance_clean_market_data_500,2026-06-08,,,,,,,,,,,,,,,,6885242.16,VALIDATED_STAGE0,2026-06-08T08:39:46+00:00,WATCHLIST,MARKET_CAP_WATCHLIST_RANGE,MARKET_CAP_WATCHLIST_RANGE
ASYS,"Amtech Systems, Inc. - Common Stock",NASDAQ,USA,North America,USD,Technology,Semiconductor Equipment & Materials,common_stock,True,323280992.0,18.49,266128.0,266128.0,yfinance_clean_market_data_500,2026-06-08,,,,,,,,,,,,,,,,4920706.72,VALIDATED_STAGE0,2026-06-08T08:39:46+00:00,WATCHLIST,MARKET_CAP_WATCHLIST_RANGE,MARKET_CAP_WATCHLIST_RANGE|DOLLAR_VOLUME_WATCHLIST_RANGE
ATLO,Ames National Corporation - Common Stock,NASDAQ,USA,North America,USD,Financial Services,Banks - Regional,common_stock,True,264033728.0,29.81,59823.0,59823.0,yfinance_clean_market_data_500,2026-06-08,,,,,,,,,,,,,,,,1783323.63,VALIDATED_STAGE0,2026-06-08T08:39:46+00:00,WATCHLIST,MARKET_CAP_WATCHLIST_RANGE,MARKET_CAP_WATCHLIST_RANGE|DOLLAR_VOLUME_WATCHLIST_RANGE
ATNI,"ATN International, Inc. - Common Stock",NASDAQ,USA,North America,USD,Communication Services,Telecom Services,common_stock,True,396056960.0,25.75,82565.0,82565.0,yfinance_clean_market_data_500,2026-06-08,,,,,,,,,,,,,,,,2126048.75,VALIDATED_STAGE0,2026-06-08T08:39:46+00:00,WATCHLIST,MARKET_CAP_WATCHLIST_RANGE,MARKET_CAP_WATCHLIST_RANGE|DOLLAR_VOLUME_WATCHLIST_RANGE
ATOM,Atomera Incorporated - Common Stock,NASDAQ,USA,North America,USD,Technology,Semiconductor Equipment & Materials,common_stock,True,319794176.0,8.26,2112385.0,2112385.0,yfinance_clean_market_data_500,2026-06-08,,,,,,,,,,,,,,,,17448300.099999998,VALIDATED_STAGE0,2026-06-08T08:39:46+00:00,WATCHLIST,MARKET_CAP_WATCHLIST_RANGE,MARKET_CAP_WATCHLIST_RANGE
AUDC,AudioCodes Ltd. - Ordinary Shares,NASDAQ,USA,North America,USD,Technology,Communication Equipment,common_stock,True,244609216.0,9.61,109539.0,109539.0,yfinance_clean_market_data_500,2026-06-08,,,,,,,,,,,,,,,,1052669.79,VALIDATED_STAGE0,2026-06-08T08:39:46+00:00,WATCHLIST,MARKET_CAP_WATCHLIST_RANGE,MARKET_CAP_WATCHLIST_RANGE|DOLLAR_VOLUME_WATCHLIST_RANGE
AURA,"Aura Biosciences, Inc. - Common Stock",NASDAQ,USA,North America,USD,Healthcare,Biotechnology,common_stock,True,685452928.0,6.63,476350.0,476350.0,yfinance_clean_market_data_500,2026-06-08,,,,,,,,,,,,,,,,3158200.5,VALIDATED_STAGE0,2026-06-08T08:39:46+00:00,WATCHLIST,DOLLAR_VOLUME_WATCHLIST_RANGE,DOLLAR_VOLUME_WATCHLIST_RANGE
AUTL,Autolus Therapeutics plc - American Depositary Shares,NASDAQ,USA,North America,USD,Healthcare,Biotechnology,common_stock,True,407199200.0,1.53,1638450.0,1638450.0,yfinance_clean_market_data_500,2026-06-08,,,,,,,,,,,,,,,,2506828.5,VALIDATED_STAGE0,2026-06-08T08:39:46+00:00,WATCHLIST,MARKET_CAP_WATCHLIST_RANGE,MARKET_CAP_WATCHLIST_RANGE|PRICE_STRONG_WATCHLIST_RANGE|DOLLAR_VOLUME_WATCHLIST_RANGE
AVBH,"Avidbank Holdings, Inc. - Common Stock",NASDAQ,USA,North America,USD,Financial Services,Banks - Regional,common_stock,True,341472544.0,31.17,86487.0,86487.0,yfinance_clean_market_data_500,2026-06-08,,,,,,,,,,,,,,,,2695799.79,VALIDATED_STAGE0,2026-06-08T08:39:46+00:00,WATCHLIST,MARKET_CAP_WATCHLIST_RANGE,MARKET_CAP_WATCHLIST_RANGE|DOLLAR_VOLUME_WATCHLIST_RANGE
AVIR,"Atea Pharmaceuticals, Inc. - common stock",NASDAQ,USA,North America,USD,Healthcare,Biotechnology,common_stock,True,340115168.0,4.25,433879.0,433879.0,yfinance_clean_market_data_500,2026-06-08,,,,,,,,,,,,,,,,1843985.75,VALIDATED_STAGE0,2026-06-08T08:39:46+00:00,WATCHLIST,MARKET_CAP_WATCHLIST_RANGE,MARKET_CAP_WATCHLIST_RANGE|PRICE_WEAK_WATCHLIST_RANGE|DOLLAR_VOLUME_WATCHLIST_RANGE
AVNW,"Aviat Networks, Inc. - Common Stock",NASDAQ,USA,North America,USD,Technology,Communication Equipment,common_stock,True,233427920.0,18.04,203830.0,203830.0,yfinance_clean_market_data_500,2026-06-08,,,,,,,,,,,,,,,,3677093.2,VALIDATED_STAGE0,2026-06-08T08:39:46+00:00,WATCHLIST,MARKET_CAP_WATCHLIST_RANGE,MARKET_CAP_WATCHLIST_RANGE|DOLLAR_VOLUME_WATCHLIST_RANGE
AVXL,Anavex Life Sciences Corp. - Common Stock,NASDAQ,USA,North America,USD,Healthcare,Biotechnology,common_stock,True,238166416.0,2.57,1378179.0,1378179.0,yfinance_clean_market_data_500,2026-06-08,,,,,,,,,,,,,,,,3541920.03,VALIDATED_STAGE0,2026-06-08T08:39:46+00:00,WATCHLIST,MARKET_CAP_WATCHLIST_RANGE,MARKET_CAP_WATCHLIST_RANGE|PRICE_STRONG_WATCHLIST_RANGE|DOLLAR_VOLUME_WATCHLIST_RANGE
AZ,A2Z Cust2Mate Solutions Corp. - Common Shares,NASDAQ,USA,North America,USD,Technology,Software - Application,common_stock,True,285896512.0,6.42,468666.0,468666.0,yfinance_clean_market_data_500,2026-06-08,,,,,,,,,,,,,,,,3008835.72,VALIDATED_STAGE0,2026-06-08T08:39:46+00:00,WATCHLIST,MARKET_CAP_WATCHLIST_RANGE,MARKET_CAP_WATCHLIST_RANGE|DOLLAR_VOLUME_WATCHLIST_RANGE
BATRA,"Atlanta Braves Holdings, Inc. - Series A Common Stock",NASDAQ,USA,North America,USD,Communication Services,Entertainment,common_stock,True,3457351936.0,53.9,61033.0,61033.0,yfinance_clean_market_data_500,2026-06-08,,,,,,,,,,,,,,,,3289678.7,VALIDATED_STAGE0,2026-06-08T08:39:46+00:00,WATCHLIST,DOLLAR_VOLUME_WATCHLIST_RANGE,DOLLAR_VOLUME_WATCHLIST_RANGE
BBCP,"Concrete Pumping Holdings, Inc.  - Common Stock",NASDAQ,USA,North America,USD,Industrials,Engineering & Construction,common_stock,True,525603392.0,10.43,133033.0,133033.0,yfinance_clean_market_data_500,2026-06-08,,,,,,,,,,,,,,,,1387534.19,VALIDATED_STAGE0,2026-06-08T08:39:46+00:00,WATCHLIST,DOLLAR_VOLUME_WATCHLIST_RANGE,DOLLAR_VOLUME_WATCHLIST_RANGE
BBOT,"BridgeBio Oncology Therapeutics, Inc. - Common Stock",NASDAQ,USA,North America,USD,Healthcare,Biotechnology,common_stock,True,625636480.0,7.81,346401.0,346401.0,yfinance_clean_market_data_500,2026-06-08,,,,,,,,,,,,,,,,2705391.81,VALIDATED_STAGE0,2026-06-08T08:39:46+00:00,WATCHLIST,DOLLAR_VOLUME_WATCHLIST_RANGE,DOLLAR_VOLUME_WATCHLIST_RANGE
BCAL,California BanCorp - Common Stock,NASDAQ,USA,North America,USD,Financial Services,Banks - Regional,common_stock,True,619494528.0,19.26,190082.0,190082.0,yfinance_clean_market_data_500,2026-06-08,,,,,,,,,,,,,,,,3660979.32,VALIDATED_STAGE0,2026-06-08T08:39:46+00:00,WATCHLIST,DOLLAR_VOLUME_WATCHLIST_RANGE,DOLLAR_VOLUME_WATCHLIST_RANGE
BCAR,D. Boral ARC Acquisition I Corp. - Class A Ordinary Shares,NASDAQ,USA,North America,USD,Financial Services,Shell Companies,common_stock,True,431574848.0,10.64,514041.0,514041.0,yfinance_clean_market_data_500,2026-06-08,,,,,,,,,,,,,,,,5469396.24,VALIDATED_STAGE0,2026-06-08T08:39:46+00:00,WATCHLIST,MARKET_CAP_WATCHLIST_RANGE,MARKET_CAP_WATCHLIST_RANGE
BCBP,"BCB Bancorp, Inc. (NJ) - Common Stock",NASDAQ,USA,North America,USD,Financial Services,Banks - Regional,common_stock,True,195161872.0,11.24,100126.0,100126.0,yfinance_clean_market_data_500,2026-06-08,,,,,,,,,,,,,,,,1125416.24,VALIDATED_STAGE0,2026-06-08T08:39:46+00:00,WATCHLIST,MARKET_CAP_WATCHLIST_RANGE,MARKET_CAP_WATCHLIST_RANGE|DOLLAR_VOLUME_WATCHLIST_RANGE
BCML,BayCom Corp - Common Stock,NASDAQ,USA,North America,USD,Financial Services,Banks - Regional,common_stock,True,346588992.0,31.77,43941.0,43941.0,yfinance_clean_market_data_500,2026-06-08,,,,,,,,,,,,,,,,1396005.57,VALIDATED_STAGE0,2026-06-08T08:39:46+00:00,WATCHLIST,MARKET_CAP_WATCHLIST_RANGE,MARKET_CAP_WATCHLIST_RANGE|DOLLAR_VOLUME_WATCHLIST_RANGE
BCYC,Bicycle Therapeutics plc - American Depositary Shares,NASDAQ,USA,North America,USD,Healthcare,Biotechnology,common_stock,True,293207136.0,4.2,434346.0,434346.0,yfinance_clean_market_data_500,2026-06-08,,,,,,,,,,,,,,,,1824253.2,VALIDATED_STAGE0,2026-06-08T08:39:46+00:00,WATCHLIST,MARKET_CAP_WATCHLIST_RANGE,MARKET_CAP_WATCHLIST_RANGE|PRICE_WEAK_WATCHLIST_RANGE|DOLLAR_VOLUME_WATCHLIST_RANGE
BDSX,"Biodesix, Inc. - Common Stock",NASDAQ,USA,North America,USD,Healthcare,Diagnostics & Research,common_stock,True,160100800.0,15.46,80233.0,80233.0,yfinance_clean_market_data_500,2026-06-08,,,,,,,,,,,,,,,,1240402.1800000002,VALIDATED_STAGE0,2026-06-08T08:39:46+00:00,WATCHLIST,MARKET_CAP_WATCHLIST_RANGE,MARKET_CAP_WATCHLIST_RANGE|DOLLAR_VOLUME_WATCHLIST_RANGE
BETR,Better Home & Finance Holding Company - Class A Common Stock,NASDAQ,USA,North America,USD,Financial Services,Mortgage Finance,common_stock,True,483444896.0,25.62,549339.0,549339.0,yfinance_clean_market_data_500,2026-06-08,,,,,,,,,,,,,,,,14074065.18,VALIDATED_STAGE0,2026-06-08T08:39:46+00:00,WATCHLIST,MARKET_CAP_WATCHLIST_RANGE,MARKET_CAP_WATCHLIST_RANGE
BLZE,"Backblaze, Inc. - Common Stock",NASDAQ,USA,North America,USD,Technology,Software - Infrastructure,common_stock,True,465714336.0,7.76,1649963.0,1649963.0,yfinance_clean_market_data_500,2026-06-08,,,,,,,,,,,,,,,,12803712.88,VALIDATED_STAGE0,2026-06-08T08:39:46+00:00,WATCHLIST,MARKET_CAP_WATCHLIST_RANGE,MARKET_CAP_WATCHLIST_RANGE
BMBL,Bumble Inc. - common stock,NASDAQ,USA,North America,USD,Communication Services,Internet Content & Information,common_stock,True,430770112.0,2.84,4163617.0,4163617.0,yfinance_clean_market_data_500,2026-06-08,,,,,,,,,,,,,,,,11824672.28,VALIDATED_STAGE0,2026-06-08T08:39:46+00:00,WATCHLIST,MARKET_CAP_WATCHLIST_RANGE,MARKET_CAP_WATCHLIST_RANGE|PRICE_STRONG_WATCHLIST_RANGE
BMRC,Bank of Marin Bancorp - Common Stock,NASDAQ,USA,North America,USD,Financial Services,Banks - Regional,common_stock,True,420932384.0,26.0,101531.0,101531.0,yfinance_clean_market_data_500,2026-06-08,,,,,,,,,,,,,,,,2639806.0,VALIDATED_STAGE0,2026-06-08T08:39:46+00:00,WATCHLIST,MARKET_CAP_WATCHLIST_RANGE,MARKET_CAP_WATCHLIST_RANGE|DOLLAR_VOLUME_WATCHLIST_RANGE
BNTC,Benitec Biopharma Inc. - Common Stock,NASDAQ,USA,North America,USD,Healthcare,Biotechnology,common_stock,True,362438240.0,10.55,127515.0,127515.0,yfinance_clean_market_data_500,2026-06-08,,,,,,,,,,,,,,,,1345283.25,VALIDATED_STAGE0,2026-06-08T08:39:46+00:00,WATCHLIST,MARKET_CAP_WATCHLIST_RANGE,MARKET_CAP_WATCHLIST_RANGE|DOLLAR_VOLUME_WATCHLIST_RANGE
BRAI,Braiin Limited - Common Stock,NASDAQ,USA,North America,USD,Technology,Computer Hardware,common_stock,True,1498261376.0,7.27,227977.0,227977.0,yfinance_clean_market_data_500,2026-06-08,,,,,,,,,,,,,,,,1657392.7899999998,VALIDATED_STAGE0,2026-06-08T08:39:46+00:00,WATCHLIST,DOLLAR_VOLUME_WATCHLIST_RANGE,DOLLAR_VOLUME_WATCHLIST_RANGE
BRR,"ProCap Financial, Inc. - Common Stock",NASDAQ,USA,North America,USD,Financial Services,Capital Markets,common_stock,True,156692192.0,1.73,1157601.0,1157601.0,yfinance_clean_market_data_500,2026-06-08,,,,,,,,,,,,,,,,2002649.73,VALIDATED_STAGE0,2026-06-08T08:39:46+00:00,WATCHLIST,MARKET_CAP_WATCHLIST_RANGE,MARKET_CAP_WATCHLIST_RANGE|PRICE_STRONG_WATCHLIST_RANGE|DOLLAR_VOLUME_WATCHLIST_RANGE
BSRR,Sierra Bancorp - Common Stock,NASDAQ,USA,North America,USD,Financial Services,Banks - Regional,common_stock,True,511199904.0,39.085,52536.0,52536.0,yfinance_clean_market_data_500,2026-06-08,,,,,,,,,,,,,,,,2053369.56,VALIDATED_STAGE0,2026-06-08T08:39:46+00:00,WATCHLIST,DOLLAR_VOLUME_WATCHLIST_RANGE,DOLLAR_VOLUME_WATCHLIST_RANGE
BTBT,"Bit Digital, Inc. - Ordinary Share",NASDAQ,USA,North America,USD,Financial Services,Capital Markets,common_stock,True,572672320.0,1.64,21744519.0,21744519.0,yfinance_clean_market_data_500,2026-06-08,,,,,,,,,,,,,,,,35661011.16,VALIDATED_STAGE0,2026-06-08T08:39:46+00:00,WATCHLIST,PRICE_STRONG_WATCHLIST_RANGE,PRICE_STRONG_WATCHLIST_RANGE
BVS,Bioventus Inc. - Class A Common Stock,NASDAQ,USA,North America,USD,Healthcare,Medical Devices,common_stock,True,612442368.0,9.04,552487.0,552487.0,yfinance_clean_market_data_500,2026-06-08,,,,,,,,,,,,,,,,4994482.48,VALIDATED_STAGE0,2026-06-08T08:39:46+00:00,WATCHLIST,DOLLAR_VOLUME_WATCHLIST_RANGE,DOLLAR_VOLUME_WATCHLIST_RANGE
BWAY,BrainsWay Ltd. - American Depositary Shares,NASDAQ,USA,North America,USD,Healthcare,Medical Devices,common_stock,True,556884096.0,13.89,165777.0,165777.0,yfinance_clean_market_data_500,2026-06-08,,,,,,,,,,,,,,,,2302642.5300000003,VALIDATED_STAGE0,2026-06-08T08:39:46+00:00,WATCHLIST,DOLLAR_VOLUME_WATCHLIST_RANGE,DOLLAR_VOLUME_WATCHLIST_RANGE
BWB,"Bridgewater Bancshares, Inc. - Common Stock",NASDAQ,USA,North America,USD,Financial Services,Banks - Regional,common_stock,True,536754848.0,19.25,69017.0,69017.0,yfinance_clean_market_data_500,2026-06-08,,,,,,,,,,,,,,,,1328577.25,VALIDATED_STAGE0,2026-06-08T08:39:46+00:00,WATCHLIST,DOLLAR_VOLUME_WATCHLIST_RANGE,DOLLAR_VOLUME_WATCHLIST_RANGE
BWFG,"Bankwell Financial Group, Inc. - Common Stock",NASDAQ,USA,North America,USD,Financial Services,Banks - Regional,common_stock,True,427920544.0,53.67,41911.0,41911.0,yfinance_clean_market_data_500,2026-06-08,,,,,,,,,,,,,,,,2249363.37,VALIDATED_STAGE0,2026-06-08T08:39:46+00:00,WATCHLIST,MARKET_CAP_WATCHLIST_RANGE,MARKET_CAP_WATCHLIST_RANGE|DOLLAR_VOLUME_WATCHLIST_RANGE
BWMN,Bowman Consulting Group Ltd. - Common Stock,NASDAQ,USA,North America,USD,Industrials,Engineering & Construction,common_stock,True,567950848.0,32.44,153495.0,153495.0,yfinance_clean_market_data_500,2026-06-08,,,,,,,,,,,,,,,,4979377.8,VALIDATED_STAGE0,2026-06-08T08:39:46+00:00,WATCHLIST,DOLLAR_VOLUME_WATCHLIST_RANGE,DOLLAR_VOLUME_WATCHLIST_RANGE
BZAI,"Blaize Holdings, Inc. - Common Stock",NASDAQ,USA,North America,USD,Technology,Software - Application,common_stock,True,236217088.0,1.66,10141441.0,10141441.0,yfinance_clean_market_data_500,2026-06-08,,,,,,,,,,,,,,,,16834792.06,VALIDATED_STAGE0,2026-06-08T08:39:46+00:00,WATCHLIST,MARKET_CAP_WATCHLIST_RANGE,MARKET_CAP_WATCHLIST_RANGE|PRICE_STRONG_WATCHLIST_RANGE
